Phylum	Species	KEGG_GeneID	NCBI_ProteinID
Vertebrata	Acanthisitta_chloris	103803264	XP_009074057
Vertebrata	Acanthisitta_chloris	103803266	XP_009074058
Vertebrata	Acanthisitta_chloris	103803267	XP_009074059
Vertebrata	Acanthopagrus_latus	119029084	XP_036971559
Vertebrata	Acinonyx_jubatus	106973395	XP_014925936
Vertebrata	Acinonyx_jubatus	106974116	XP_053069600
Vertebrata	Acipenser_ruthenus	117416883	XP_033884231
Vertebrata	Agelaius_tricolor	139594036	XP_071291726
Vertebrata	Agelaius_tricolor	139594479	XP_071292758
Vertebrata	Agelaius_tricolor	139594480	XP_071292759
Vertebrata	Ahaetulla_prasina	131195221	XP_058032959
Vertebrata	Ahaetulla_prasina	131195222	XP_058032960
Vertebrata	Ahaetulla_prasina	131195687	XP_058033774
Vertebrata	Ahaetulla_prasina	131196004	XP_058034351
Vertebrata	Ailuropoda_melanoleuca	100472602	XP_034507764
Vertebrata	Ailuropoda_melanoleuca	105237751	XP_034510961
Vertebrata	Alexandromys_fortis	126515808	XP_050021696
Vertebrata	Alligator_mississippiensis	102568858	XP_006267412
Vertebrata	Alligator_mississippiensis	102569094	XP_006267413
Vertebrata	Alligator_mississippiensis	102569324	XP_019345591
Vertebrata	Alligator_sinensis	102371093	XP_006015881
Vertebrata	Alligator_sinensis	102371354	XP_006015882
Vertebrata	Alligator_sinensis	102371616	XP_006015883
Vertebrata	Alligator_sinensis	102371868	XP_025062300
Vertebrata	Alosa_sapidissima	121677587	XP_041912323
Vertebrata	Amphiprion_ocellaris	111585834	XP_054872903
Vertebrata	Amphiprion_ocellaris	111585835	XP_023151217
Vertebrata	Amphiprion_ocellaris	129350428	XP_054872897
Vertebrata	Anas_acuta	137860139	XP_068546117
Vertebrata	Anas_acuta	137860363	XP_068546638
Vertebrata	Anas_acuta	137860433	XP_068546776
Vertebrata	Anas_platyrhynchos	101793730	XP_005027422
Vertebrata	Anas_platyrhynchos	101794092	XP_005027424
Vertebrata	Anas_platyrhynchos	101797859	XP_012962217
Vertebrata	Anguilla_anguilla	118225632	XP_035270254
Vertebrata	Anguilla_rostrata	135252507	XP_064186720
Vertebrata	Anolis_carolinensis	100555796	XP_008107758
Vertebrata	Anolis_carolinensis	100555992	XP_003220325
Vertebrata	Anolis_carolinensis	100556190	XP_008107759
Vertebrata	Anolis_carolinensis	100560843	XP_003220268
Vertebrata	Anolis_sagrei_ordinatus	132772689	XP_060627539
Vertebrata	Anolis_sagrei_ordinatus	132773878	XP_060629422
Vertebrata	Anolis_sagrei_ordinatus	132773879	XP_060629423
Vertebrata	Anolis_sagrei_ordinatus	132773880	XP_060629424
Vertebrata	Anomalospiza_imberbis	137478673	XP_068054752
Vertebrata	Anomalospiza_imberbis	137478675	XP_068054754
Vertebrata	Anomalospiza_imberbis	137479007	XP_068055274
Vertebrata	Anoplopoma_fimbria	129094186	XP_054458233
Vertebrata	Anser_cygnoides	106032948	XP_047915068
Vertebrata	Anser_cygnoides	106032966	XP_013031639
Vertebrata	Anser_cygnoides	106033086	XP_047915067
Vertebrata	Antechinus_flavipes	127563390	XP_051855776
Vertebrata	Antechinus_flavipes	127563391	XP_051855778
Vertebrata	Antennarius_striatus	137598878	XP_068175509
Vertebrata	Antrostomus_carolinensis	104532378	XP_028943199
Vertebrata	Antrostomus_carolinensis	104532379	XP_010175874
Vertebrata	Antrostomus_carolinensis	104532380	XP_010175875
Vertebrata	Aotus_nancymaae	105705033	XP_021528988
Vertebrata	Apaloderma_vittatum	104278523	XP_009873829
Vertebrata	Apaloderma_vittatum	104278524	XP_009873831
Vertebrata	Apaloderma_vittatum	104278525	XP_009873832
Vertebrata	Aphelocoma_coerulescens	138114166	XP_068879428
Vertebrata	Aphelocoma_coerulescens	138114168	XP_068879429
Vertebrata	Aphelocoma_coerulescens	138114169	XP_068879432
Vertebrata	Apodemus_sylvaticus	127681105	XP_052033008
Vertebrata	Aptenodytes_forsteri	103905598	XP_009285595
Vertebrata	Aptenodytes_forsteri	103905599	XP_009285596
Vertebrata	Aptenodytes_forsteri	103905600	XP_019329681
Vertebrata	Apteryx_mantelli_mantelli	106485218	XP_013798985
Vertebrata	Apteryx_mantelli_mantelli	106485224	XP_013798991
Vertebrata	Apteryx_mantelli_mantelli	106485225	XP_013798992
Vertebrata	Apteryx_mantelli_mantelli	106485226	XP_013798998
Vertebrata	Apteryx_rowi	112975957	XP_025942453
Vertebrata	Apteryx_rowi	112975958	XP_025942454
Vertebrata	Apteryx_rowi	112976033	XP_025942644
Vertebrata	Apteryx_rowi	112976036	XP_025942648
Vertebrata	Aquarana_catesbeiana	141103884	XP_073450045
Vertebrata	Aquarana_catesbeiana	141103886	XP_073450047
Vertebrata	Aquarana_catesbeiana	141103887	XP_073450048
Vertebrata	Aquarana_catesbeiana	141103888	XP_073450049
Vertebrata	Aquarana_catesbeiana	141122741	XP_073468101
Vertebrata	Aquila_chrysaetos_chrysaetos	115348969	XP_029888418
Vertebrata	Aquila_chrysaetos_chrysaetos	115348970	XP_029888420
Vertebrata	Artibeus_jamaicensis	119052312	XP_037005369
Vertebrata	Arvicanthis_niloticus	117709318	XP_034359507
Vertebrata	Arvicola_amphibius	119817523	XP_038190758
Vertebrata	Astur_gentilis	126041965	XP_049664367
Vertebrata	Astur_gentilis	126041966	XP_049664368
Vertebrata	Astur_gentilis	126042153	XP_049664817
Vertebrata	Astyanax_mexicanus	103026083	XP_022531115
Vertebrata	Athene_cunicularia	113482586	XP_026709137
Vertebrata	Athene_cunicularia	113482731	XP_026709518
Vertebrata	Athene_cunicularia	113482732	XP_026709519
Vertebrata	Athene_noctua	141960584	XP_074762374
Vertebrata	Athene_noctua	141961301	XP_074764221
Vertebrata	Athene_noctua	141961302	XP_074764222
Vertebrata	Austrofundulus_limnaeus	106513893	XP_013858394
Vertebrata	Aythya_fuligula	116491877	XP_032048129
Vertebrata	Aythya_fuligula	116492067	XP_032048395
Vertebrata	Aythya_fuligula	116492186	XP_032048630
Vertebrata	Balaenoptera_acutorostrata_scammoni	103004815	XP_007164579
Vertebrata	Balaenoptera_musculus	118893028	XP_036704051
Vertebrata	Balearica_regulorum_gibbericeps	104642287	XP_010309517
Vertebrata	Balearica_regulorum_gibbericeps	104642288	XP_010309518
Vertebrata	Balearica_regulorum_gibbericeps	104642290	XP_010309519
Vertebrata	Betta_splendens	114853568	XP_029002925
Vertebrata	Betta_splendens	114853569	XP_029002926
Vertebrata	Betta_splendens	114853570	XP_029002928
Vertebrata	Bison_bison_bison	104994366	XP_010846200
Vertebrata	Bison_bison_bison	104994367	XP_010846201
Vertebrata	Boleophthalmus_pectinirostris	110167803	XP_020788846
Vertebrata	Bos_indicus	109556335	XP_019813099
Vertebrata	Bos_indicus	109556884	XP_019813818
Vertebrata	Bos_javanicus	133244653	XP_061268088
Vertebrata	Bos_javanicus	133244657	XP_061268099
Vertebrata	Bos_mutus	102283473	XP_070224222
Vertebrata	Bos_mutus	102288085	XP_014333220
Vertebrata	Bos_taurus	513210	XP_002686553
Vertebrata	Bos_taurus	540007	NP_001092572
Vertebrata	Brachyistius_frenatus	138618942	XP_069551158
Vertebrata	Bubalus_bubalis	102391514	XP_006052587
Vertebrata	Bubalus_bubalis	102415329	XP_044800990
Vertebrata	Bubalus_kerabau	129655503	XP_055441963
Vertebrata	Bubalus_kerabau	129656494	XP_055443099
Vertebrata	Buceros_rhinoceros_silvestris	104492907	XP_010133813
Vertebrata	Buceros_rhinoceros_silvestris	104492909	XP_010133815
Vertebrata	Buceros_rhinoceros_silvestris	104492910	XP_010133816
Vertebrata	Budorcas_taxicolor	128045162	XP_052493594
Vertebrata	Bufo_bufo	120979630	XP_040264432
Vertebrata	Bufo_bufo	120979633	XP_040264436
Vertebrata	Bufo_bufo	120985006	XP_040269384
Vertebrata	Bufo_gargarizans	122922815	XP_044129496
Vertebrata	Buteo_buteo	142035182	XP_074893132
Vertebrata	Buteo_buteo	142035183	XP_074893133
Vertebrata	Buteo_buteo	142035535	XP_074893747
Vertebrata	Callithrix_jacchus	100410110	XP_002750826
Vertebrata	Callithrix_jacchus	118142926	XP_035107237
Vertebrata	Callorhinchus_milii	103182725	XP_007898012
Vertebrata	Caloenas_nicobarica	136001767	XP_065512473
Vertebrata	Caloenas_nicobarica	136001768	XP_065512475
Vertebrata	Calonectris_borealis	142084818	XP_075011944
Vertebrata	Calonectris_borealis	142084819	XP_075011945
Vertebrata	Camelus_bactrianus	105065741	XP_010949215
Vertebrata	Camelus_bactrianus	105065993	XP_010949513
Vertebrata	Camelus_dromedarius	105092923	XP_010982997
Vertebrata	Camelus_dromedarius	105092977	XP_031321429
Vertebrata	Camelus_ferus	102503723	XP_032350708
Vertebrata	Camelus_ferus	102503970	XP_032350069
Vertebrata	Canis_lupus_dingo	112642548	XP_025276001
Vertebrata	Canis_lupus_dingo	112642549	XP_025276005
Vertebrata	Canis_lupus_familiaris	475367	XP_013975160
Vertebrata	Canis_lupus_familiaris	482510	XP_539627
Vertebrata	Capra_hircus	102174994	XP_005678561
Vertebrata	Capra_hircus	102175263	XP_005678562
Vertebrata	Capricornis_sumatraensis	138070422	XP_068817757
Vertebrata	Capricornis_sumatraensis	138072854	XP_068820201
Vertebrata	Caprimulgus_europaeus	306723542	XP_079055557
Vertebrata	Caprimulgus_europaeus	306723543	XP_079055558
Vertebrata	Caprimulgus_europaeus	306723669	XP_079055746
Vertebrata	Carassius_auratus	113050976	XP_026070276
Vertebrata	Carassius_auratus	113091030	XP_026112274
Vertebrata	Carassius_gibelio	127959780	XP_052415118
Vertebrata	Carassius_gibelio	128015246	XP_052454883
Vertebrata	Caretta_caretta	125641867	XP_048718338
Vertebrata	Caretta_caretta	125641956	XP_048718591
Vertebrata	Caretta_caretta	125641957	XP_048718593
Vertebrata	Carettochelys_insculpta	142017593	XP_074858724
Vertebrata	Carettochelys_insculpta	142017901	XP_074859344
Vertebrata	Cariama_cristata	104157523	XP_009693185
Vertebrata	Cariama_cristata	104165389	XP_009703303
Vertebrata	Cariama_cristata	104165392	XP_009703305
Vertebrata	Carlito_syrichta	103264079	XP_008059918
Vertebrata	Castor_canadensis	109695802	XP_020034138
Vertebrata	Cavia_porcellus	100732162	XP_003462532
Vertebrata	Cebidichthys_violaceus	137884257	XP_068582089
Vertebrata	Cebus_imitator	108312784	XP_017396385
Vertebrata	Cebus_imitator	119473023	XP_037598750
Vertebrata	Cercocebus_atys	105594568	XP_011934243
Vertebrata	Cervus_canadensis	122437025	XP_043317381
Vertebrata	Cervus_canadensis	122437026	XP_043317384
Vertebrata	Chaetura_pelagica	104396685	XP_010004846
Vertebrata	Chaetura_pelagica	104396787	XP_010004986
Vertebrata	Chaetura_pelagica	104396788	XP_010004988
Vertebrata	Chamaea_fasciata	136294727	XP_066048860
Vertebrata	Chanodichthys_erythropterus	137011207	XP_067229989
Vertebrata	Charadrius_vociferus	104286096	XP_009882949
Vertebrata	Charadrius_vociferus	104286098	XP_009882950
Vertebrata	Charadrius_vociferus	104286099	XP_009882951
Vertebrata	Cheilinus_undulatus	121511815	XP_041646560
Vertebrata	Chelonia_mydas	102931801	XP_007070765
Vertebrata	Chelonia_mydas	102932027	XP_037763093
Vertebrata	Chelonia_mydas	102932256	XP_043376634
Vertebrata	Chelonoidis_abingdonii	116839240	XP_032660926
Vertebrata	Chelonoidis_abingdonii	116839249	XP_032660938
Vertebrata	Chelonoidis_abingdonii	116839255	XP_032660948
Vertebrata	Chiloscyllium_plagiosum	122554251	XP_043554917
Vertebrata	Chiloscyllium_plagiosum	122554712	XP_043556023
Vertebrata	Chiloscyllium_punctatum	140479500	XP_072429433
Vertebrata	Chiloscyllium_punctatum	140480001	XP_072430578
Vertebrata	Chionomys_nivalis	130883657	XP_057640292
Vertebrata	Chlamydotis_macqueenii	104479668	XP_010118686
Vertebrata	Chlamydotis_macqueenii	104479669	XP_010118687
Vertebrata	Chlamydotis_macqueenii	104479670	XP_010118688
Vertebrata	Chlorocebus_sabaeus	103224888	XP_007977090
Vertebrata	Chroicocephalus_ridibundus	134519500	XP_063199864
Vertebrata	Chroicocephalus_ridibundus	134519501	XP_063199865
Vertebrata	Chroicocephalus_ridibundus	134519869	XP_063200667
Vertebrata	Chrysemys_picta	101934035	XP_005311803
Vertebrata	Chrysemys_picta	101934580	XP_023968113
Vertebrata	Chrysemys_picta	135972070	XP_005311804
Vertebrata	Ciconia_boyciana	140654199	XP_072723377
Vertebrata	Ciconia_boyciana	140654332	XP_072723617
Vertebrata	Ciconia_boyciana	140654334	XP_072723621
Vertebrata	Cinclus_cinclus	134046644	XP_062353291
Vertebrata	Cinclus_cinclus	134046655	XP_062353311
Vertebrata	Cinclus_cinclus	134047016	XP_062353925
Vertebrata	Clarias_gariepinus	128526705	XP_053354813
Vertebrata	Clarias_gariepinus	128526707	XP_053354816
Vertebrata	Clinocottus_analis	137794597	XP_068447582
Vertebrata	Clupea_harengus	105895150	XP_031430314
Vertebrata	Colius_striatus	104549380	XP_010200652
Vertebrata	Colius_striatus	104549785	XP_010206471
Vertebrata	Colius_striatus	104557849	XP_010200512
Vertebrata	Colobus_angolensis_palliatus	105515044	XP_011802134
Vertebrata	Cololabis_saira	133457777	XP_061593091
Vertebrata	Cololabis_saira	133458082	XP_061593599
Vertebrata	Cololabis_saira	133458086	XP_061593608
Vertebrata	Colossoma_macropomum	118808643	XP_036427368
Vertebrata	Columba_livia	102098698	XP_005501060
Vertebrata	Columba_livia	102098879	XP_005501062
Vertebrata	Conger_conger	133127675	XP_061096722
Vertebrata	Coregonus_clupeaformis	121533728	XP_041695848
Vertebrata	Coregonus_clupeaformis	121576433	XP_045079425
Vertebrata	Corvus_brachyrhynchos	103621903	XP_008638988
Vertebrata	Corvus_brachyrhynchos	103621904	XP_008638989
Vertebrata	Corvus_brachyrhynchos	103621905	XP_008638990
Vertebrata	Corvus_cornix	104695228	XP_039412300
Vertebrata	Corvus_cornix	104695229	XP_010407191
Vertebrata	Corvus_cornix	104695530	XP_010407749
Vertebrata	Cottoperca_gobio	115007202	XP_029285823
Vertebrata	Coturnix_japonica	107317594	XP_015725960
Vertebrata	Coturnix_japonica	107317595	XP_015725961
Vertebrata	Coturnix_japonica	107317596	XP_015725964
Vertebrata	Cricetulus_griseus	100771171	XP_027258324
Vertebrata	Crocodylus_porosus	109307431	XP_019386904
Vertebrata	Crocodylus_porosus	109307432	XP_019386906
Vertebrata	Crocodylus_porosus	109307433	XP_019386907
Vertebrata	Crocuta_crocuta	144221590	XP_077608276
Vertebrata	Crocuta_crocuta	144221591	XP_077608278
Vertebrata	Crotalus_tigris	120297315	XP_039175739
Vertebrata	Crotalus_tigris	120297316	XP_039175746
Vertebrata	Crotalus_tigris	120297341	XP_039175803
Vertebrata	Crotalus_tigris	120297380	XP_039175879
Vertebrata	Crotalus_tigris	120297387	XP_039175902
Vertebrata	Ctenopharyngodon_idella	127514405	XP_051753159
Vertebrata	Cuculus_canorus	104060165	XP_053929352
Vertebrata	Cuculus_canorus	104060166	XP_053929483
Vertebrata	Cuculus_canorus	104060203	XP_009560264
Vertebrata	Cyanistes_caeruleus	111933093	XP_023788249
Vertebrata	Cyanistes_caeruleus	111933094	XP_023788250
Vertebrata	Cyanistes_caeruleus	111933095	XP_023788251
Vertebrata	Cyclopterus_lumpus	117730081	XP_034387468
Vertebrata	Cygnus_atratus	118243440	XP_035393358
Vertebrata	Cygnus_atratus	118243603	XP_035393694
Vertebrata	Cygnus_atratus	118243685	XP_035393868
Vertebrata	Cynoglossus_semilaevis	103397391	XP_008333862
Vertebrata	Cyprinodon_tularosa	119773701	XP_038126751
Vertebrata	Cyprinodon_variegatus	107081965	XP_015225839
Vertebrata	Cyprinus_carpio	109060036	XP_042613461
Vertebrata	Cyprinus_carpio	109101674	XP_042581289
Vertebrata	Danio_aesculapii	130230388	XP_056315345
Vertebrata	Danio_rerio	569067	NP_001103295
Vertebrata	Dasypus_novemcinctus	101418019	XP_004462821
Vertebrata	Delphinapterus_leucas	111175768	XP_022431318
Vertebrata	Delphinus_delphis	132431793	XP_059877553
Vertebrata	Dendrobates_tinctorius	141051510	XP_073404544
Vertebrata	Dendrobates_tinctorius	141076467	XP_073420039
Vertebrata	Dendrobates_tinctorius	141076476	XP_073420057
Vertebrata	Dermochelys_coriacea	119860297	XP_043347001
Vertebrata	Dermochelys_coriacea	119860532	XP_038270258
Vertebrata	Dermochelys_coriacea	119860736	XP_038270753
Vertebrata	Desmodus_rotundus	112314612	XP_024426967
Vertebrata	Dipodomys_merriami	138803384	XP_069843419
Vertebrata	Dipodomys_ordii	105986055	XP_012872248
Vertebrata	Dipodomys_spectabilis	122109599	XP_042538019
Vertebrata	Dromaius_novaehollandiae	112985252	XP_025959508
Vertebrata	Dromaius_novaehollandiae	112985371	XP_025959730
Vertebrata	Dromaius_novaehollandiae	112985682	XP_025960283
Vertebrata	Dromaius_novaehollandiae	112985800	XP_025960491
Vertebrata	Dryobates_pubescens	104301581	XP_009900286
Vertebrata	Dryobates_pubescens	104301640	XP_009900348
Vertebrata	Dryobates_pubescens	104301641	XP_009900349
Vertebrata	Echinops_telfairi	101640445	XP_012859310
Vertebrata	Egretta_garzetta	104126249	XP_009637094
Vertebrata	Egretta_garzetta	104126274	XP_035750127
Vertebrata	Egretta_garzetta	104126275	XP_009637124
Vertebrata	Electrophorus_electricus	113570363	XP_026854536
Vertebrata	Eleginops_maclovinus	134869318	XP_063746915
Vertebrata	Embiotoca_jacksoni	138198727	XP_069006419
Vertebrata	Empidonax_traillii	114062243	XP_027749287
Vertebrata	Empidonax_traillii	114062262	XP_027749318
Vertebrata	Emydura_macquarii_macquarii	137166145	XP_067423871
Vertebrata	Emydura_macquarii_macquarii	137166156	XP_067423892
Vertebrata	Emydura_macquarii_macquarii	137166157	XP_067423893
Vertebrata	Emydura_macquarii_macquarii	137166158	XP_067423895
Vertebrata	Emys_orbicularis	135882632	XP_065265678
Vertebrata	Enhydra_lutris_kenyoni	111143292	XP_022352642
Vertebrata	Enhydra_lutris_kenyoni	111143537	XP_022353069
Vertebrata	Enoplosus_armatus	139287350	XP_070764432
Vertebrata	Epinephelus_fuscoguttatus	125896096	XP_049444388
Vertebrata	Epinephelus_lanceolatus	117253881	XP_033477586
Vertebrata	Eptesicus_fuscus	103284055	XP_008137577
Vertebrata	Eptesicus_fuscus	103284222	XP_027998055
Vertebrata	Equus_asinus	106822606	XP_014683380
Vertebrata	Equus_asinus	106833445	XP_014700123
Vertebrata	Equus_caballus	100051756	XP_001916171
Vertebrata	Equus_caballus	100070179	XP_005611116
Vertebrata	Equus_przewalskii	103560358	XP_008532664
Vertebrata	Equus_przewalskii	103561029	XP_008533636
Vertebrata	Esox_lucius	105009842	XP_028977610
Vertebrata	Esox_lucius	105029308	XP_012990277
Vertebrata	Etheostoma_cragini	117950614	XP_034737689
Vertebrata	Etheostoma_spectabile	116695870	XP_032382280
Vertebrata	Eublepharis_macularius	129330054	XP_054835887
Vertebrata	Eublepharis_macularius	129330055	XP_054835889
Vertebrata	Eublepharis_macularius	129330427	XP_054836431
Vertebrata	Eublepharis_macularius	129330999	XP_054837291
Vertebrata	Eucyclogobius_newberryi	140354005	XP_072294919
Vertebrata	Eulemur_rufifrons	138390626	XP_069336024
Vertebrata	Eumetopias_jubatus	114224255	XP_027979182
Vertebrata	Eumetopias_jubatus	114224304	XP_027979251
Vertebrata	Eurypyga_helias	104502970	XP_010145235
Vertebrata	Falco_cherrug	102052537	XP_027658461
Vertebrata	Falco_cherrug	102060017	XP_027658458
Vertebrata	Falco_peregrinus	101912225	XP_013155405
Vertebrata	Falco_peregrinus	101912392	XP_013155406
Vertebrata	Falco_rusticolus	119155314	XP_037259692
Vertebrata	Falco_rusticolus	119155315	XP_037259694
Vertebrata	Felis_catus	101081996	XP_044889532
Vertebrata	Felis_catus	101095511	XP_003990101
Vertebrata	Ficedula_albicollis	101810556	XP_005050141
Vertebrata	Ficedula_albicollis	101816379	XP_005050173
Vertebrata	Fulmarus_glacialis	104076636	XP_009575860
Vertebrata	Fulmarus_glacialis	104076644	XP_009575871
Vertebrata	Gadus_morhua	115555917	XP_030228825
Vertebrata	Galeopterus_variegatus	103585473	XP_008564669
Vertebrata	Galeopterus_variegatus	103585483	XP_008564683
Vertebrata	Gallus_gallus	395824	NP_990307
Vertebrata	Gallus_gallus	424614	XP_422450
Vertebrata	Gallus_gallus	429098	XP_004936823
Vertebrata	Gambusia_affinis	122833461	XP_043976957
Vertebrata	Gambusia_affinis	122838030	XP_043984262
Vertebrata	Gambusia_affinis	122838031	XP_043984263
Vertebrata	Garra_rufa	141346872	XP_073707933
Vertebrata	Garra_rufa	141347233	XP_073708337
Vertebrata	Gasterosteus_aculeatus	120824439	XP_040041244
Vertebrata	Gavia_stellata	104260933	XP_009815122
Vertebrata	Gavia_stellata	104260934	XP_009815123
Vertebrata	Gavia_stellata	104260935	XP_009815124
Vertebrata	Gavialis_gangeticus	109286693	XP_019356910
Vertebrata	Gavialis_gangeticus	109286695	XP_019356912
Vertebrata	Gavialis_gangeticus	109286696	XP_019356913
Vertebrata	Gavialis_gangeticus	109286697	XP_019356915
Vertebrata	Gekko_japonicus	107119467	XP_015277431
Vertebrata	Gekko_japonicus	107119468	XP_015277432
Vertebrata	Gekko_japonicus	107119478	XP_015277443
Vertebrata	Gekko_japonicus	107119493	XP_015277461
Vertebrata	Geospiza_fortis	102032780	XP_005423237
Vertebrata	Geospiza_fortis	102033114	XP_005423239
Vertebrata	Geotrypetes_seraphini	117346129	XP_033771425
Vertebrata	Geotrypetes_seraphini	117346614	XP_033772369
Vertebrata	Geotrypetes_seraphini	117346627	XP_033772402
Vertebrata	Geotrypetes_seraphini	117346672	XP_033772509
Vertebrata	Geotrypetes_seraphini	117346678	XP_033772523
Vertebrata	Girardinichthys_multiradiatus	124873320	XP_047229837
Vertebrata	Globicephala_melas	115860372	XP_030725896
Vertebrata	Gorilla_gorilla_gorilla	101139612	XP_004025788
Vertebrata	Gracilinanus_agilis	123247776	XP_044532722
Vertebrata	Gracilinanus_agilis	123247936	XP_044532959
Vertebrata	Grus_americana	129209506	XP_054690009
Vertebrata	Grus_americana	129209616	XP_054690262
Vertebrata	Grus_americana	129209669	XP_054690403
Vertebrata	Gymnodraco_acuticeps	117550952	XP_034079459
Vertebrata	Gymnodraco_acuticeps	117550977	XP_034079501
Vertebrata	Gymnogyps_californianus	127018903	XP_050756660
Vertebrata	Gymnogyps_californianus	127018924	XP_050756702
Vertebrata	Gymnogyps_californianus	127019143	XP_050757031
Vertebrata	Haliaeetus_albicilla	104321442	XP_009922416
Vertebrata	Haliaeetus_albicilla	104321455	XP_009922438
Vertebrata	Haliaeetus_leucocephalus	104841045	XP_010580733
Vertebrata	Haliaeetus_leucocephalus	104841196	XP_010581014
Vertebrata	Halichoeres_trimaculatus	141789000	XP_074524342
Vertebrata	Harpia_harpyja	128147633	XP_052656333
Vertebrata	Harpia_harpyja	128148068	XP_052657432
Vertebrata	Harpia_harpyja	128148338	XP_052658017
Vertebrata	Hemicordylus_capensis	128321938	XP_053098472
Vertebrata	Hemicordylus_capensis	128323692	XP_053103241
Vertebrata	Hemicordylus_capensis	128323693	XP_053103242
Vertebrata	Hemicordylus_capensis	128325035	XP_053106361
Vertebrata	Hemiscyllium_ocellatum	132818532	XP_060685575
Vertebrata	Hemiscyllium_ocellatum	132818805	XP_060685880
Vertebrata	Hemitrygon_akajei	140736561	XP_072918491
Vertebrata	Hemitrygon_akajei	140736855	XP_072918951
Vertebrata	Herpailurus_yagouaroundi	121017615	XP_040311888
Vertebrata	Herpailurus_yagouaroundi	121027061	XP_040326038
Vertebrata	Heterocephalus_glaber	101722224	XP_004873018
Vertebrata	Hippocampus_comes	109532416	XP_019752868
Vertebrata	Hippoglossus_hippoglossus	117760002	XP_034438541
Vertebrata	Hippoglossus_stenolepis	124854826	XP_047199244
Vertebrata	Hipposideros_armiger	109373802	XP_019483514
Vertebrata	Hirundo_rustica	120756436	XP_039928753
Vertebrata	Hirundo_rustica	120756548	XP_039928991
Vertebrata	Hirundo_rustica	120756788	XP_039929401
Vertebrata	Homo_sapiens	2166	NP_001432
Vertebrata	Hyaena_hyaena	120247081	XP_039110750
Vertebrata	Hyaena_hyaena	120247082	XP_039110755
Vertebrata	Ictalurus_furcatus	128614706	XP_053492239
Vertebrata	Ictalurus_furcatus	128614707	XP_053492243
Vertebrata	Ictalurus_furcatus	128614708	XP_053492244
Vertebrata	Ictalurus_furcatus	128614709	XP_053492245
Vertebrata	Ictalurus_furcatus	128614710	XP_053492246
Vertebrata	Ictalurus_furcatus	128614711	XP_053492247
Vertebrata	Ictalurus_furcatus	128615120	XP_053492952
Vertebrata	Ictalurus_punctatus	108261604	XP_053539817
Vertebrata	Ictalurus_punctatus	108262525	XP_053539832
Vertebrata	Ictalurus_punctatus	108271785	XP_017335039
Vertebrata	Ictalurus_punctatus	108271807	XP_053539833
Vertebrata	Ictalurus_punctatus	128634037	XP_053539818
Vertebrata	Ictalurus_punctatus	128634039	XP_053539823
Vertebrata	Ictalurus_punctatus	128634041	XP_053539828
Vertebrata	Ictalurus_punctatus	128634042	XP_053539830
Vertebrata	Ictidomys_tridecemlineatus	101975367	XP_005318047
Vertebrata	Indicator_indicator	128969292	XP_054240062
Vertebrata	Indicator_indicator	128969324	XP_054240115
Vertebrata	Indicator_indicator	128969327	XP_054240118
Vertebrata	Kryptolebias_marmoratus	108230777	XP_017262781
Vertebrata	Labeo_rohita	127166254	XP_050967326
Vertebrata	Labrus_mixtus	132960418	XP_060889195
Vertebrata	Lagenorhynchus_albirostris	132514812	XP_059996130
Vertebrata	Lagopus_muta	125693648	XP_048801795
Vertebrata	Lagopus_muta	125693649	XP_048801796
Vertebrata	Lagopus_muta	125693857	XP_048802197
Vertebrata	Larimichthys_crocea	104918497	XP_019135084
Vertebrata	Larus_michahellis	141747070	XP_074452774
Vertebrata	Larus_michahellis	141747272	XP_074453425
Vertebrata	Larus_michahellis	141747551	XP_074454085
Vertebrata	Lates_calcarifer	108877404	XP_018522944
Vertebrata	Latimeria_chalumnae	102345736	XP_014342447
Vertebrata	Latimeria_chalumnae	102366516	XP_014342442
Vertebrata	Latimeria_chalumnae	102366776	XP_005993593
Vertebrata	Lemur_catta	123634177	XP_045401463
Vertebrata	Leopardus_geoffroyi	123596792	XP_045331055
Vertebrata	Leopardus_geoffroyi	123597821	XP_045333170
Vertebrata	Lepidochelys_kempii	140916327	XP_073213923
Vertebrata	Lepidochelys_kempii	140916328	XP_073213924
Vertebrata	Lepidochelys_kempii	140916609	XP_073214378
Vertebrata	Lepisosteus_oculatus	102682920	XP_006634842
Vertebrata	Leptonychotes_weddellii	102729238	XP_030888405
Vertebrata	Leptonychotes_weddellii	102733722	XP_030879090
Vertebrata	Leptosomus_discolor	104349208	XP_009952980
Vertebrata	Leptosomus_discolor	104350729	XP_009954953
Vertebrata	Leucoraja_erinaceus	129700827	XP_055497534
Vertebrata	Leucoraja_erinaceus	129700828	XP_055497535
Vertebrata	Leuresthes_tenuis	140312011	XP_072245751
Vertebrata	Lipotes_vexillifer	103089901	XP_007464008
Vertebrata	Lonchura_striata	110467701	XP_031361335
Vertebrata	Lonchura_striata	110469769	XP_021384539
Vertebrata	Lonchura_striata	110469780	XP_021384551
Vertebrata	Loxodonta_africana	100662219	XP_023410100
Vertebrata	Lutra_lutra	125097895	XP_047582020
Vertebrata	Lutra_lutra	125098857	XP_047584008
Vertebrata	Lynx_rufus	124514361	XP_046938312
Vertebrata	Lynx_rufus	124515760	XP_046940733
Vertebrata	Macaca_fascicularis	102134628	XP_005543539
Vertebrata	Macaca_mulatta	708660	XP_014994255
Vertebrata	Macaca_nemestrina	105494964	XP_011762360
Vertebrata	Macaca_thibetana_thibetana	126961331	XP_050657526
Vertebrata	Malurus_melanocephalus	130589270	XP_057246527
Vertebrata	Malurus_melanocephalus	130589271	XP_057246528
Vertebrata	Mandrillus_leucophaeus	105531769	XP_011825164
Vertebrata	Manis_javanica	108404951	XP_073089963
Vertebrata	Marmota_marmota_marmota	107141469	XP_015340197
Vertebrata	Mastomys_coucha	116096447	XP_031234117
Vertebrata	Mauremys_reevesii	120370393	XP_039340934
Vertebrata	Mauremys_reevesii	120370394	XP_039340936
Vertebrata	Mauremys_reevesii	120370434	XP_039341068
Vertebrata	Mauremys_reevesii	120370435	XP_039341076
Vertebrata	Maylandia_zebra	101474138	XP_076736379
Vertebrata	Maylandia_zebra	101474422	XP_024654467
Vertebrata	Maylandia_zebra	101475271	XP_024654642
Vertebrata	Maylandia_zebra	101475573	XP_004555097
Vertebrata	Maylandia_zebra	106675967	XP_076736248
Vertebrata	Maylandia_zebra	106676248	XP_024654644
Vertebrata	Megalobrama_amblycephala	125274101	XP_048056162
Vertebrata	Meleagris_gallopavo	100550655	XP_010714460
Vertebrata	Meleagris_gallopavo	100550809	XP_010714458
Vertebrata	Meleagris_gallopavo	100550962	XP_031410786
Vertebrata	Meriones_unguiculatus	110562618	XP_021515111
Vertebrata	Merops_nubicus	103780034	XP_008945933
Vertebrata	Merops_nubicus	103780044	XP_008945943
Vertebrata	Merops_nubicus	103781339	XP_008947301
Vertebrata	Mesitornis_unicolor	104539546	XP_010181411
Vertebrata	Mesitornis_unicolor	104539547	XP_010181412
Vertebrata	Mesitornis_unicolor	104539549	XP_010181414
Vertebrata	Mesocricetus_auratus	101841980	XP_005072131
Vertebrata	Microcaecilia_unicolor	115471769	XP_030061450
Vertebrata	Microcaecilia_unicolor	115472003	XP_030061888
Vertebrata	Microcaecilia_unicolor	115472687	XP_030062901
Vertebrata	Microcaecilia_unicolor	115472755	XP_030063005
Vertebrata	Microcebus_murinus	105877493	XP_012631519
Vertebrata	Microcebus_murinus	105877498	XP_012631526
Vertebrata	Micropterus_salmoides	119900810	XP_038571997
Vertebrata	Microtus_oregoni	121448086	XP_041507686
Vertebrata	Miniopterus_natalensis	107526752	XP_016054795
Vertebrata	Miniopterus_natalensis	107526753	XP_016054796
Vertebrata	Mirounga_angustirostris	123858370	XP_045751388
Vertebrata	Mirounga_leonina	118019458	XP_034874546
Vertebrata	Misgurnus_anguillicaudatus	129450743	XP_055069685
Vertebrata	Molossus_molossus	118626420	XP_036112008
Vertebrata	Molothrus_aeneus	136559938	XP_066411578
Vertebrata	Molothrus_aeneus	136560131	XP_066411899
Vertebrata	Molothrus_aeneus	136560139	XP_066411910
Vertebrata	Molothrus_ater	118689264	XP_036243274
Vertebrata	Molothrus_ater	118689313	XP_036243367
Vertebrata	Monodelphis_domestica	100023917	XP_001375331
Vertebrata	Monodelphis_domestica	100023944	XP_001375351
Vertebrata	Monopterus_albus	109964053	XP_020462736
Vertebrata	Moschus_berezovskii	129541296	XP_055259091
Vertebrata	Moschus_berezovskii	129541496	XP_055259418
Vertebrata	Mugil_cephalus	125008828	XP_047442105
Vertebrata	Muntiacus_reevesi	136150320	XP_065767288
Vertebrata	Muntiacus_reevesi	136152471	XP_065769852
Vertebrata	Mus_caroli	110292620	XP_021015713
Vertebrata	Mus_musculus	14073	NP_034303
Vertebrata	Mus_pahari	110323348	XP_021056177
Vertebrata	Mustela_lutreola	131809579	XP_058992774
Vertebrata	Mustela_lutreola	131809694	XP_058992984
Vertebrata	Mustela_nigripes	132000817	XP_059230595
Vertebrata	Mustela_nigripes	132000820	XP_059230602
Vertebrata	Mustela_putorius_furo	101678800	XP_012899678
Vertebrata	Mustela_putorius_furo	101679700	XP_004740454
Vertebrata	Mycteria_americana	142413215	XP_075365382
Vertebrata	Mycteria_americana	142413216	XP_075365383
Vertebrata	Mycteria_americana	142413217	XP_075365385
Vertebrata	Myotis_daubentonii	132229766	XP_059542216
Vertebrata	Myotis_daubentonii	132231129	XP_059545682
Vertebrata	Myotis_daubentonii	132231130	XP_059545683
Vertebrata	Myotis_daubentonii	132231131	XP_059545686
Vertebrata	Myotis_davidii	102752556	XP_015418634
Vertebrata	Myotis_davidii	102752841	XP_015418638
Vertebrata	Myotis_lucifugus	102420741	XP_023608502
Vertebrata	Myotis_lucifugus	102439621	XP_014310011
Vertebrata	Myotis_myotis	118675991	XP_036205045
Vertebrata	Myotis_myotis	118676295	XP_036205842
Vertebrata	Myotis_yumanensis	139001771	XP_070259402
Vertebrata	Myotis_yumanensis	139001772	XP_070259403
Vertebrata	Myotis_yumanensis	139001774	XP_070259404
Vertebrata	Myotis_yumanensis	139001775	XP_070259405
Vertebrata	Myotis_yumanensis	139002387	XP_070259812
Vertebrata	Myotis_yumanensis	139002388	XP_070259813
Vertebrata	Myotis_yumanensis	139003327	XP_070261144
Vertebrata	Myotis_yumanensis	139003329	XP_070261147
Vertebrata	Myxocyprinus_asiaticus	127445902	XP_051562337
Vertebrata	Myxocyprinus_asiaticus	127448674	XP_051567352
Vertebrata	Nannospalax_galili	103730314	XP_008826735
Vertebrata	Nanorana_parkeri	108802708	XP_018430069
Vertebrata	Nanorana_parkeri	108803336	XP_018430685
Vertebrata	Nanorana_parkeri	108803791	XP_018431093
Vertebrata	Natator_depressus	141992565	XP_074817910
Vertebrata	Natator_depressus	141992566	XP_074817912
Vertebrata	Natator_depressus	141992980	XP_074818422
Vertebrata	Nematolebias_whitei	119407911	XP_037530668
Vertebrata	Neoarius_graeffei	132885448	XP_060776107
Vertebrata	Neogale_vison	122899926	XP_044094080
Vertebrata	Neogale_vison	122899927	XP_044094081
Vertebrata	Neomonachus_schauinslandi	110575018	XP_044769954
Vertebrata	Neomonachus_schauinslandi	110575448	XP_021540118
Vertebrata	Neophocaena_asiaeorientalis_asiaeorientalis	112400427	XP_024601924
Vertebrata	Nestor_notabilis	104400653	XP_010014454
Vertebrata	Nestor_notabilis	104407958	XP_010015675
Vertebrata	Nestor_notabilis	104407959	XP_010015676
Vertebrata	Nipponia_nippon	104015404	XP_009466418
Vertebrata	Nipponia_nippon	104015406	XP_009466419
Vertebrata	Nipponia_nippon	104015534	XP_009466581
Vertebrata	Nomascus_leucogenys	100588233	XP_003259075
Vertebrata	Notechis_scutatus	113410905	XP_026521474
Vertebrata	Notechis_scutatus	113410987	XP_026521588
Vertebrata	Notechis_scutatus	113410988	XP_026521589
Vertebrata	Nothobranchius_furzeri	107393233	XP_015826947
Vertebrata	Nothoprocta_perdicaria	112944689	XP_025892005
Vertebrata	Nothoprocta_perdicaria	112945281	XP_025893000
Vertebrata	Nothoprocta_perdicaria	112959639	XP_025909483
Vertebrata	Nothoprocta_perdicaria	112960042	XP_025910027
Vertebrata	Notothenia_coriiceps	104966252	XP_010793737
Vertebrata	Numenius_arquata	141467175	XP_074007663
Vertebrata	Numenius_arquata	141467225	XP_074007778
Vertebrata	Numenius_arquata	141467264	XP_074007830
Vertebrata	Numida_meleagris	110402481	XP_021260275
Vertebrata	Numida_meleagris	110402732	XP_021260801
Vertebrata	Numida_meleagris	110402733	XP_021260802
Vertebrata	Nyctereutes_procyonoides	129520627	XP_055197717
Vertebrata	Nyctereutes_procyonoides	129520659	XP_055197775
Vertebrata	Ochotona_curzoniae	121154791	XP_040833761
Vertebrata	Ochotona_princeps	101529013	XP_004599493
Vertebrata	Odobenus_rosmarus_divergens	101371386	XP_004400633
Vertebrata	Odocoileus_virginianus	110127089	XP_070323291
Vertebrata	Oenanthe_melanoleuca	130256232	XP_056353668
Vertebrata	Oenanthe_melanoleuca	130256335	XP_056353838
Vertebrata	Oncorhynchus_clarkii_lewisi	139410089	XP_071011633
Vertebrata	Oncorhynchus_clarkii_lewisi	139415138	XP_071019097
Vertebrata	Oncorhynchus_gorbuscha	123997527	XP_046157823
Vertebrata	Oncorhynchus_gorbuscha	124023369	XP_046193852
Vertebrata	Oncorhynchus_keta	118387397	XP_035631623
Vertebrata	Oncorhynchus_keta	118401531	XP_052331247
Vertebrata	Oncorhynchus_kisutch	109889056	XP_020335802
Vertebrata	Oncorhynchus_kisutch	109902306	XP_020354165
Vertebrata	Oncorhynchus_masou_masou	135512579	XP_064790819
Vertebrata	Oncorhynchus_masou_masou	135524724	XP_064808567
Vertebrata	Oncorhynchus_mykiss	110524068	XP_021459055
Vertebrata	Oncorhynchus_mykiss	110538411	XP_021480939
Vertebrata	Oncorhynchus_nerka	115108106	XP_029487932
Vertebrata	Oncorhynchus_nerka	115109069	XP_029489503
Vertebrata	Oncorhynchus_tshawytscha	112246680	XP_042178917
Vertebrata	Oncorhynchus_tshawytscha	112250662	XP_042177909
Vertebrata	Onychostoma_macrolepis	131542535	XP_058635318
Vertebrata	Onychostruthus_taczanowskii	121344998	XP_041277424
Vertebrata	Onychostruthus_taczanowskii	121344999	XP_041277425
Vertebrata	Onychostruthus_taczanowskii	121345000	XP_041277426
Vertebrata	Opisthocomus_hoazin	104339539	XP_009944000
Vertebrata	Opisthocomus_hoazin	104339541	XP_009944001
Vertebrata	Orcinus_orca	101280037	XP_004285814
Vertebrata	Oreochromis_aureus	116317745	XP_039463279
Vertebrata	Oreochromis_aureus	116327077	XP_039462879
Vertebrata	Oreochromis_aureus	116327078	XP_039462886
Vertebrata	Oreochromis_aureus	116333305	XP_039462878
Vertebrata	Oreochromis_aureus	116333320	XP_039462881
Vertebrata	Oreochromis_niloticus	100712174	XP_019207041
Vertebrata	Oreochromis_niloticus	100712443	XP_025759019
Vertebrata	Oreochromis_niloticus	106097072	XP_019207040
Vertebrata	Oreochromis_niloticus	109194183	XP_005479158
Vertebrata	Oreochromis_niloticus	109194555	XP_019207033
Vertebrata	Oreochromis_niloticus	109196923	XP_019207037
Vertebrata	Ornithorhynchus_anatinus	103168217	XP_028902312
Vertebrata	Oryctolagus_cuniculus	100343219	XP_002715169
Vertebrata	Oryx_dammah	120856203	XP_040087194
Vertebrata	Oryx_dammah	120856204	XP_040087198
Vertebrata	Oryzias_latipes	101174015	XP_023810312
Vertebrata	Oryzias_melastigma	112150630	XP_024134818
Vertebrata	Osmerus_eperlanus	134012932	XP_062308593
Vertebrata	Otolemur_garnettii	100954473	XP_003801466
Vertebrata	Otolemur_garnettii	111722028	XP_023363629
Vertebrata	Ovis_aries	101103356	XP_004001983
Vertebrata	Ovis_aries	101103602	XP_004001984
Vertebrata	Ovis_canadensis	138440315	XP_069445668
Vertebrata	Oxyura_jamaicensis	118170719	XP_035189104
Vertebrata	Oxyura_jamaicensis	118170889	XP_035189381
Vertebrata	Oxyura_jamaicensis	118170890	XP_035189382
Vertebrata	Pan_paniscus	100983853	XP_008963457
Vertebrata	Pan_troglodytes	456559	XP_001161208
Vertebrata	Pangasianodon_hypophthalmus	113545857	XP_026801285
Vertebrata	Pangasianodon_hypophthalmus	113545965	XP_026801452
Vertebrata	Pangasianodon_hypophthalmus	113545966	XP_026801453
Vertebrata	Panthera_leo	122225872	XP_042804529
Vertebrata	Panthera_leo	122227650	XP_042808212
Vertebrata	Panthera_pardus	109266621	XP_019304379
Vertebrata	Panthera_pardus	109266943	XP_019304975
Vertebrata	Panthera_tigris_altaica	102951924	XP_007077490
Vertebrata	Panthera_tigris_altaica	102971848	XP_007077316
Vertebrata	Panthera_uncia	125917244	XP_049479451
Vertebrata	Panthera_uncia	125917245	XP_049479452
Vertebrata	Panthera_uncia	125918119	XP_049480117
Vertebrata	Panthera_uncia	125918120	XP_049480118
Vertebrata	Pantherophis_guttatus	117664174	XP_034270894
Vertebrata	Pantherophis_guttatus	117664175	XP_034270895
Vertebrata	Pantherophis_guttatus	117664338	XP_060545884
Vertebrata	Papio_anubis	101007015	XP_003891864
Vertebrata	Papio_anubis	108580392	XP_031524099
Vertebrata	Paralichthys_olivaceus	109625288	XP_019936036
Vertebrata	Paramisgurnus_dabryanus	135783200	XP_065149900
Vertebrata	Paramormyrops_kingsleyae	111841569	XP_023663174
Vertebrata	Parus_major	107208370	XP_015492212
Vertebrata	Parus_major	107208371	XP_015492214
Vertebrata	Parus_major	107208473	XP_015492404
Vertebrata	Passer_montanus	120503145	XP_039567260
Vertebrata	Passer_montanus	120503313	XP_039567688
Vertebrata	Pelecanus_crispus	104029373	XP_009478979
Vertebrata	Pelecanus_crispus	104035711	XP_009487369
Vertebrata	Pelecanus_crispus	104035721	XP_009487378
Vertebrata	Pelodiscus_sinensis	102455592	XP_075792027
Vertebrata	Pempheris_klunzingeri	139202378	XP_070687938
Vertebrata	Perca_flavescens	114561928	XP_028443901
Vertebrata	Perognathus_longimembris_pacificus	125355105	XP_048207182
Vertebrata	Peromyscus_leucopus	114706846	XP_028745188
Vertebrata	Peromyscus_maniculatus_bairdii	102903333	XP_006986656
Vertebrata	Petaurus_breviceps_papuanus	138165012	XP_068949169
Vertebrata	Petaurus_breviceps_papuanus	138165015	XP_068949175
Vertebrata	Petaurus_breviceps_papuanus	138165379	XP_068949754
Vertebrata	Petaurus_breviceps_papuanus	138165386	XP_068949767
Vertebrata	Petaurus_breviceps_papuanus	138173125	XP_068959145
Vertebrata	Pezoporus_occidentalis	134165843	XP_062478998
Vertebrata	Pezoporus_occidentalis	134165849	XP_062479005
Vertebrata	Pezoporus_occidentalis	134165850	XP_062479006
Vertebrata	Phaenicophaeus_curvirostris	138723691	XP_069719127
Vertebrata	Phaenicophaeus_curvirostris	138723692	XP_069719128
Vertebrata	Phaenicophaeus_curvirostris	138723699	XP_069719139
Vertebrata	Phaethon_lepturus	104621443	XP_010286235
Vertebrata	Phaethon_lepturus	104622667	XP_010287825
Vertebrata	Phalacrocorax_aristotelis	142059196	XP_074953810
Vertebrata	Phalacrocorax_aristotelis	142059197	XP_074953812
Vertebrata	Phalacrocorax_aristotelis	142059200	XP_074953817
Vertebrata	Phalacrocorax_carbo	104045045	XP_009503267
Vertebrata	Phalacrocorax_carbo	104045046	XP_009503268
Vertebrata	Phalacrocorax_carbo	104045047	XP_009503269
Vertebrata	Phascolarctos_cinereus	110209302	XP_020843309
Vertebrata	Phasianus_colchicus	116234295	XP_031457669
Vertebrata	Phasianus_colchicus	116234327	XP_031457712
Vertebrata	Phasianus_colchicus	116234335	XP_031457724
Vertebrata	Phocoena_phocoena	136123981	XP_065734418
Vertebrata	Phocoena_phocoena	136126643	XP_065738057
Vertebrata	Phocoena_sinus	116755870	XP_032491782
Vertebrata	Phodopus_roborovskii	127225189	XP_051044458
Vertebrata	Phycodurus_eques	133406727	XP_061540544
Vertebrata	Phyllopteryx_taeniolatus	133480806	XP_061635405
Vertebrata	Phyllostomus_discolor	114496927	XP_035883378
Vertebrata	Phyllostomus_discolor	114497623	XP_028369256
Vertebrata	Phyllostomus_hastatus	123831767	XP_045714912
Vertebrata	Phyllostomus_hastatus	123832134	XP_045715614
Vertebrata	Physeter_macrocephalus	102979321	XP_007130576
Vertebrata	Piliocolobus_tephrosceles	111548786	XP_023077273
Vertebrata	Pimephales_promelas	120461079	XP_039505123
Vertebrata	Pipistrellus_kuhlii	118724778	XP_036304349
Vertebrata	Pipistrellus_kuhlii	118724779	XP_036304351
Vertebrata	Pituophis_catenifer_annectens	139314065	XP_070795687
Vertebrata	Pituophis_catenifer_annectens	139314066	XP_070795688
Vertebrata	Pituophis_catenifer_annectens	139314067	XP_070795689
Vertebrata	Pituophis_catenifer_annectens	139314068	XP_070795690
Vertebrata	Pituophis_catenifer_annectens	139315244	XP_070797465
Vertebrata	Pituophis_catenifer_annectens	139315245	XP_070797466
Vertebrata	Plecotus_auritus	308242460	XP_080512974
Vertebrata	Plecotus_auritus	308242464	XP_080512979
Vertebrata	Plectropomus_leopardus	121941427	XP_042340166
Vertebrata	Pleurodeles_waltl	138293500	XP_069088839
Vertebrata	Pleurodeles_waltl	138293501	XP_069088840
Vertebrata	Pleurodeles_waltl	138293502	XP_069088841
Vertebrata	Pleurodeles_waltl	138293503	XP_069088843
Vertebrata	Pleurodeles_waltl	138293504	XP_069088844
Vertebrata	Pleurodeles_waltl	138293506	XP_069088847
Vertebrata	Pleurodeles_waltl	138293507	XP_069088848
Vertebrata	Pleurodeles_waltl	138293508	XP_069088850
Vertebrata	Pleurodeles_waltl	138293509	XP_069088852
Vertebrata	Pleuronectes_platessa	128448603	XP_053287312
Vertebrata	Podarcis_muralis	114599050	XP_028589425
Vertebrata	Podarcis_muralis	114599051	XP_028589426
Vertebrata	Podarcis_muralis	114599055	XP_028589430
Vertebrata	Podarcis_raffonei	128415820	XP_053248507
Vertebrata	Podarcis_raffonei	128415821	XP_053248509
Vertebrata	Podarcis_raffonei	128415822	XP_053248510
Vertebrata	Podarcis_raffonei	128415823	XP_053248511
Vertebrata	Poecilia_formosa	103142571	XP_007558759
Vertebrata	Poecilia_latipinna	106963786	XP_014914367
Vertebrata	Poecilia_mexicana	106904845	XP_014824822
Vertebrata	Poecilia_reticulata	103463588	XP_008405250
Vertebrata	Poeciliopsis_prolifica	129374241	XP_054908534
Vertebrata	Pogona_vitticeps	110073789	XP_020639034
Vertebrata	Pogona_vitticeps	110086537	XP_020663155
Vertebrata	Pogona_vitticeps	110086550	XP_020663180
Vertebrata	Pogoniulus_pusillus	135177519	XP_064003694
Vertebrata	Pogoniulus_pusillus	135177524	XP_064003703
Vertebrata	Polyodon_spathula	121326543	XP_041125814
Vertebrata	Pongo_abelii	100453623	XP_024103097
Vertebrata	Pongo_pygmaeus	129037329	XP_054345295
Vertebrata	Prionailurus_bengalensis	122479393	XP_043429271
Vertebrata	Prionailurus_bengalensis	122480451	XP_043430805
Vertebrata	Prionailurus_viverrinus	125171762	XP_047724842
Vertebrata	Prionailurus_viverrinus	125173227	XP_047728081
Vertebrata	Propithecus_coquereli	105814069	XP_012504405
Vertebrata	Protobothrops_mucrosquamatus	107284478	XP_015668027
Vertebrata	Protobothrops_mucrosquamatus	107284479	XP_015668029
Vertebrata	Protobothrops_mucrosquamatus	107284490	XP_015668041
Vertebrata	Protobothrops_mucrosquamatus	107284491	XP_015668043
Vertebrata	Pseudochaenichthys_georgianus	117445087	XP_033936381
Vertebrata	Pseudochaenichthys_georgianus	117445512	XP_033937133
Vertebrata	Pseudoliparis_swirei	130193670	XP_056270284
Vertebrata	Pseudonaja_textilis	113440643	XP_026562956
Vertebrata	Pseudonaja_textilis	113440644	XP_026562958
Vertebrata	Pseudonaja_textilis	113440653	XP_026562976
Vertebrata	Pseudonaja_textilis	113440677	XP_026563024
Vertebrata	Pseudopodoces_humilis	102111994	XP_014106417
Vertebrata	Pseudopodoces_humilis	102113621	XP_005521180
Vertebrata	Pterocles_gutturalis	104458152	XP_010077140
Vertebrata	Pterocles_gutturalis	104460090	XP_010077139
Vertebrata	Pteronotus_mesoamericanus	129069123	XP_054427611
Vertebrata	Pteronotus_mesoamericanus	129069417	XP_054428146
Vertebrata	Pteropus_alecto	102893273	XP_015450634
Vertebrata	Pteropus_vampyrus	105297148	XP_011365933
Vertebrata	Pteropus_vampyrus	120620255	XP_039740910
Vertebrata	Puma_concolor	112863561	XP_025782486
Vertebrata	Puma_concolor	112871904	XP_025790781
Vertebrata	Pungitius_pungitius	119216460	XP_062419622
Vertebrata	Puntigrus_tetrazona	122346935	XP_043097771
Vertebrata	Pygoscelis_adeliae	103919119	XP_009324851
Vertebrata	Pygoscelis_adeliae	103919120	XP_009324853
Vertebrata	Pygoscelis_adeliae	103919121	XP_009324854
Vertebrata	Pyrgilauda_ruficollis	121361898	XP_041338891
Vertebrata	Pyrgilauda_ruficollis	121362011	XP_041339112
Vertebrata	Pyrgilauda_ruficollis	121362189	XP_041339431
Vertebrata	Python_bivittatus	103049160	XP_007430219
Vertebrata	Python_bivittatus	103049408	XP_007430220
Vertebrata	Python_bivittatus	103049652	XP_007430221
Vertebrata	Python_bivittatus	103050466	XP_007430225
Vertebrata	Pyxicephalus_adspersus	140336274	XP_072275361
Vertebrata	Pyxicephalus_adspersus	140337063	XP_072276682
Vertebrata	Rana_temporaria	120922025	XP_040190495
Vertebrata	Rana_temporaria	120922032	XP_040190503
Vertebrata	Rana_temporaria	120946142	XP_040216873
Vertebrata	Rattus_norvegicus	100911581	NP_001356055
Vertebrata	Rhincodon_typus	109914482	XP_048458085
Vertebrata	Rhincodon_typus	109937402	XP_020391569
Vertebrata	Rhinichthys_klamathensis_goyatoka	130100571	XP_056122030
Vertebrata	Rhinolophus_ferrumequinum	117027174	XP_032970515
Vertebrata	Rhinolophus_ferrumequinum	117027223	XP_032970623
Vertebrata	Rhinopithecus_bieti	108535628	XP_017737219
Vertebrata	Rhinopithecus_roxellana	104662115	XP_010361327
Vertebrata	Rissa_tridactyla	128913644	XP_054067588
Vertebrata	Rissa_tridactyla	128913645	XP_054067589
Vertebrata	Rissa_tridactyla	128914282	XP_054069038
Vertebrata	Rousettus_aegyptiacus	107517905	XP_016014556
Vertebrata	Saimiri_boliviensis_boliviensis	101047931	XP_010345691
Vertebrata	Saimiri_boliviensis_boliviensis	101051316	XP_010345690
Vertebrata	Salmo_salar	100286622	XP_014071398
Vertebrata	Salmo_salar	106574031	XP_014005018
Vertebrata	Salmo_trutta	115151581	XP_029551489
Vertebrata	Salmo_trutta	115158024	XP_029562339
Vertebrata	Salvelinus_fontinalis	129811021	XP_055718094
Vertebrata	Salvelinus_fontinalis	129867393	XP_055796737
Vertebrata	Salvelinus_namaycush	120053880	XP_038857093
Vertebrata	Salvelinus_namaycush	120054409	XP_038857751
Vertebrata	Salvelinus_sp._IW2-2015	111952283	XP_023826603
Vertebrata	Salvelinus_sp._IW2-2015	111975696	XP_023859990
Vertebrata	Sander_lucioperca	116063409	XP_031174248
Vertebrata	Sarcophilus_harrisii	100932365	XP_012402942
Vertebrata	Sarcophilus_harrisii	100932620	XP_031825047
Vertebrata	Sardina_pilchardus	134101947	XP_062411846
Vertebrata	Sceloporus_undulatus	121928226	XP_042318582
Vertebrata	Sceloporus_undulatus	121928227	XP_042318583
Vertebrata	Sceloporus_undulatus	121929320	XP_042320679
Vertebrata	Sceloporus_undulatus	121930132	XP_042322292
Vertebrata	Sciurus_carolinensis	124994622	XP_047422707
Vertebrata	Sciurus_vulgaris	306664190	XP_079001109
Vertebrata	Scomber_japonicus	128361841	XP_053178382
Vertebrata	Scomber_scombrus	133984883	XP_062280363
Vertebrata	Scophthalmus_maximus	118318667	XP_035504416
Vertebrata	Scyliorhinus_canicula	119964480	XP_038649956
Vertebrata	Scyliorhinus_canicula	119964481	XP_038649958
Vertebrata	Semicossyphus_pulcher	138607434	XP_069536138
Vertebrata	Serinus_canaria	103814993	XP_009086936
Vertebrata	Serinus_canaria	103815182	XP_030082317
Vertebrata	Seriola_dumerili	111232168	XP_022615276
Vertebrata	Seriola_lalandi_dorsalis	111656310	XP_023263746
Vertebrata	Silurus_meridionalis	124386323	XP_046706437
Vertebrata	Silurus_meridionalis	124392310	XP_046715132
Vertebrata	Siniperca_chuatsi	122877376	XP_044054785
Vertebrata	Sinocyclocheilus_anshuiensis	107672680	XP_016321471
Vertebrata	Sinocyclocheilus_anshuiensis	107686764	XP_016339359
Vertebrata	Sinocyclocheilus_grahami	107554868	XP_016092992
Vertebrata	Sinocyclocheilus_grahami	107582320	XP_016123581
Vertebrata	Sinocyclocheilus_rhinocerous	107709065	XP_016368940
Vertebrata	Sinocyclocheilus_rhinocerous	107746617	XP_016416397
Vertebrata	Solea_senegalensis	122781323	XP_043900907
Vertebrata	Solea_solea	131466256	XP_058495442
Vertebrata	Sorex_araneus	101548936	XP_012788817
Vertebrata	Sorex_araneus	101552415	XP_004620612
Vertebrata	Sorex_fumeus	130017097	XP_055963775
Vertebrata	Sorex_fumeus	130039041	XP_055986842
Vertebrata	Sphaerodactylus_townsendi	125432349	XP_048351750
Vertebrata	Sphaerodactylus_townsendi	125432386	XP_048351805
Vertebrata	Sphaerodactylus_townsendi	125432900	XP_048352988
Vertebrata	Sphaerodactylus_townsendi	125432901	XP_048352990
Vertebrata	Stenella_coeruleoalba	307189443	XP_079783635
Vertebrata	Strigops_habroptila	115611543	XP_030350494
Vertebrata	Strigops_habroptila	115611544	XP_030350500
Vertebrata	Strix_uralensis	141946410	XP_074732232
Vertebrata	Strix_uralensis	141946411	XP_074732233
Vertebrata	Strix_uralensis	141946412	XP_074732235
Vertebrata	Struthio_camelus_australis	104143613	XP_009672498
Vertebrata	Struthio_camelus_australis	104143614	XP_009672499
Vertebrata	Struthio_camelus_australis	104143615	XP_009672500
Vertebrata	Struthio_camelus_australis	104143626	XP_009672514
Vertebrata	Sturnira_hondurensis	118982433	XP_036895370
Vertebrata	Sturnus_vulgaris	106850593	XP_014727523
Vertebrata	Sturnus_vulgaris	106850679	XP_014727687
Vertebrata	Suncus_etruscus	126011680	XP_049631449
Vertebrata	Suncus_etruscus	126021986	XP_049638829
Vertebrata	Sus_scrofa	102164418	XP_020952376
Vertebrata	Sus_scrofa	396949	NP_999079
Vertebrata	Sylvia_atricapilla	136364826	XP_066181015
Vertebrata	Sylvia_atricapilla	136364839	XP_066181036
Vertebrata	Sylvia_atricapilla	136364840	XP_066181037
Vertebrata	Syngnathoides_biaculeatus	133503264	XP_061680684
Vertebrata	Syngnathus_scovelli	125971290	XP_049580346
Vertebrata	Tachyglossus_aculeatus	119940095	XP_038616072
Vertebrata	Tachysurus_fulvidraco	113640735	XP_026999162
Vertebrata	Tachysurus_fulvidraco	113640737	XP_026999164
Vertebrata	Tachysurus_fulvidraco	113640862	XP_026999273
Vertebrata	Tachysurus_fulvidraco	113642935	XP_027002568
Vertebrata	Tachysurus_vachellii	132844205	XP_060723403
Vertebrata	Tachysurus_vachellii	132844207	XP_060723404
Vertebrata	Tachysurus_vachellii	132844407	XP_060723816
Vertebrata	Taeniopygia_guttata	100218384	XP_002191915
Vertebrata	Taeniopygia_guttata	100230788	XP_002195897
Vertebrata	Taeniopygia_guttata	100230849	XP_032605685
Vertebrata	Takifugu_flavidus	130528663	XP_056894265
Vertebrata	Takifugu_rubripes	101078866	XP_029684149
Vertebrata	Talpa_occidentalis	119236276	XP_037355920
Vertebrata	Tauraco_erythrolophus	104373203	XP_009977367
Vertebrata	Tauraco_erythrolophus	104373204	XP_009977368
Vertebrata	Tauraco_erythrolophus	104373206	XP_009977369
Vertebrata	Thamnophis_sirtalis	106552057	XP_013925722
Vertebrata	Thamnophis_sirtalis	106554261	XP_013928371
Vertebrata	Thamnophis_sirtalis	106556225	XP_013930689
Vertebrata	Theropithecus_gelada	112627942	XP_025246477
Vertebrata	Thunnus_thynnus	137187894	XP_067453264
Vertebrata	Tinamus_guttatus	104575696	XP_010221346
Vertebrata	Tinamus_guttatus	104578147	XP_010223987
Vertebrata	Tinamus_guttatus	104578148	XP_010223988
Vertebrata	Tinamus_guttatus	104578149	XP_010223989
Vertebrata	Trachemys_scripta_elegans	117881305	XP_034634293
Vertebrata	Trachemys_scripta_elegans	117881306	XP_034634294
Vertebrata	Trachemys_scripta_elegans	117882122	XP_034635998
Vertebrata	Trachemys_scripta_elegans	117882248	XP_034636255
Vertebrata	Trachypithecus_francoisi	117092652	XP_033082431
Vertebrata	Trematomus_bernacchii	117486755	XP_033991180
Vertebrata	Trichechus_manatus_latirostris	101348749	XP_004371841
Vertebrata	Trichomycterus_rosablanca	134316204	XP_062852597
Vertebrata	Trichosurus_vulpecula	118846683	XP_036611348
Vertebrata	Trichosurus_vulpecula	118848376	XP_036613133
Vertebrata	Triplophysa_dalaica	130425061	XP_056607086
Vertebrata	Triplophysa_rosa	130556900	XP_057194231
Vertebrata	Tupaia_chinensis	102489877	XP_006164299
Vertebrata	Tupaia_chinensis	102498736	XP_006164321
Vertebrata	Tympanuchus_pallidicinctus	128072229	XP_052521738
Vertebrata	Tympanuchus_pallidicinctus	128072230	XP_052521740
Vertebrata	Tympanuchus_pallidicinctus	128072232	XP_052521743
Vertebrata	Tyto_alba	104357351	XP_042642092
Vertebrata	Tyto_alba	104359338	XP_042659373
Vertebrata	Tyto_alba	104359339	XP_032856802
Vertebrata	Ursus_americanus	123793738	XP_045655599
Vertebrata	Ursus_americanus	123793739	XP_045655600
Vertebrata	Ursus_arctos	113254719	XP_057166658
Vertebrata	Ursus_arctos	113254720	XP_026353965
Vertebrata	Ursus_maritimus	103670754	XP_040483277
Vertebrata	Ursus_maritimus	103670890	XP_040482536
Vertebrata	Varanus_komodoensis	123029000	XP_044297366
Vertebrata	Varanus_komodoensis	123029005	XP_044297380
Vertebrata	Varanus_komodoensis	123033850	XP_044306668
Vertebrata	Vicugna_pacos	102528226	XP_031539970
Vertebrata	Vicugna_pacos	102538466	XP_006200502
Vertebrata	Vidua_chalybeata	128792285	XP_053806531
Vertebrata	Vidua_chalybeata	128792425	XP_053806818
Vertebrata	Vidua_chalybeata	128792525	XP_053806980
Vertebrata	Vidua_macroura	128811619	XP_053841349
Vertebrata	Vidua_macroura	128811737	XP_053841549
Vertebrata	Vulpes_lagopus	121480974	XP_041593874
Vertebrata	Vulpes_lagopus	121481474	XP_041594793
Vertebrata	Vulpes_vulpes	112914762	XP_025847688
Vertebrata	Vulpes_vulpes	112914763	XP_025847689
Vertebrata	Xenopus_laevis	100036968	NP_001091200
Vertebrata	Xenopus_laevis	108714290	XP_018113871
Vertebrata	Xenopus_laevis	108714987	XP_018115335
Vertebrata	Xenopus_laevis	108715582	XP_018116358
Vertebrata	Xenopus_tropicalis	100145539	XP_012817414
Vertebrata	Xenopus_tropicalis	100487591	XP_012817045
Vertebrata	Xenopus_tropicalis	496823	NP_001011356
Vertebrata	Xiphias_gladius	120790331	XP_039983659
Vertebrata	Xiphophorus_couchianus	114151407	XP_027884398
Vertebrata	Xiphophorus_hellerii	116725544	XP_032427554
Vertebrata	Xiphophorus_maculatus	102218255	XP_005795802
Vertebrata	Zalophus_californianus	113912572	XP_027431739
Vertebrata	Zalophus_californianus	113914468	XP_027435515
Vertebrata	Zonotrichia_albicollis	102068013	XP_005482281
Vertebrata	Zonotrichia_albicollis	102073171	XP_014119317
Vertebrata	Zonotrichia_albicollis	102073344	XP_005482396
Vertebrata	Zonotrichia_leucophrys_gambelii	135450946	XP_064575729
Vertebrata	Zonotrichia_leucophrys_gambelii	135451149	XP_064576138
Vertebrata	Zonotrichia_leucophrys_gambelii	135451216	XP_064576262
Vertebrata	Zootoca_vivipara	118088621	XP_034978372
Vertebrata	Zootoca_vivipara	118088622	XP_034978373
Vertebrata	Zootoca_vivipara	118088967	XP_034979123
Vertebrata	Zootoca_vivipara	118089419	XP_034979955
Tunicata	Ciona_intestinalis	100185523	XP_002121508
Tunicata	Ciona_intestinalis	113473985	XP_026691817
Tunicata	Clavelina_lepadiformis	143468714	XP_076822180
Tunicata	Clavelina_lepadiformis	143468766	XP_076822267
Tunicata	Styela_clava	120335467	XP_039258903
Tunicata	Styela_clava	120336174	XP_039259722
Tunicata	Styela_clava	120337524	XP_039261261
Tunicata	Styela_clava	120338055	XP_039261917
Tunicata	Styela_clava	120338685	XP_039262529
Cephalochordata	Branchiostoma_belcheri	109475131	XP_019631227
Cephalochordata	Branchiostoma_belcheri	109486243	XP_019645535
Cephalochordata	Branchiostoma_belcheri	109486413	XP_019645806
Cephalochordata	Branchiostoma_floridae	118411300	XP_035669382
Cephalochordata	Branchiostoma_floridae	118424916	XP_035689615
Cephalochordata	Branchiostoma_floridae	118431506	XP_035698639
Cephalochordata	Branchiostoma_floridae	118432092	XP_035699503
Cephalochordata	Branchiostoma_floridae	118432228	XP_035699652
Cephalochordata	Branchiostoma_floridae	118432646	XP_035700175
Hemichordata	Ptychodera_flava	139134668	XP_070557736
Hemichordata	Ptychodera_flava	139134669	XP_070557738
Hemichordata	Ptychodera_flava	139138136	XP_070562468
Hemichordata	Ptychodera_flava	139138926	XP_070563645
Hemichordata	Ptychodera_flava	139145292	XP_070572442
Hemichordata	Saccoglossus_kowalevskii	102802710	XP_006815509
Hemichordata	Saccoglossus_kowalevskii	102802819	XP_077864667
Hemichordata	Saccoglossus_kowalevskii	102807898	XP_077863325
Mollusca	Argopecten_irradians	138314653	XP_069111207
Mollusca	Argopecten_irradians	138336193	XP_069141642
Mollusca	Argopecten_irradians	138336653	XP_069142285
Mollusca	Babylonia_areolata	143279943	XP_076440415
Mollusca	Babylonia_areolata	143280063	XP_076440674
Mollusca	Babylonia_areolata	143280284	XP_076441028
Mollusca	Babylonia_areolata	143280286	XP_076441031
Mollusca	Babylonia_areolata	143280343	XP_076441093
Mollusca	Babylonia_areolata	143286977	XP_076451083
Mollusca	Biomphalaria_glabrata	106064326	XP_013078284
Mollusca	Biomphalaria_glabrata	106064366	XP_013078370
Mollusca	Crassostrea_virginica	111115095	XP_022309391
Mollusca	Dreissena_polymorpha	127845859	XP_052232987
Mollusca	Dreissena_polymorpha	127845860	XP_052232989
Mollusca	Dreissena_polymorpha	127848829	XP_052237439
Mollusca	Dreissena_polymorpha	127855313	XP_052246733
Mollusca	Gigantopelta_aegis	121375638	XP_041359121
Mollusca	Gigantopelta_aegis	121375639	XP_041359123
Mollusca	Haliotis_asinina	137290922	XP_067678225
Mollusca	Haliotis_asinina	137291521	XP_067678987
Mollusca	Haliotis_cracherodii	139478315	XP_071116840
Mollusca	Haliotis_cracherodii	139479253	XP_071118216
Mollusca	Haliotis_rubra	124262091	XP_046552489
Mollusca	Haliotis_rubra	124262092	XP_046552493
Mollusca	Haliotis_rufescens	124133249	XP_046353538
Mollusca	Haliotis_rufescens	124133251	XP_046353539
Mollusca	Liolophura_japonica	135470883	XP_064606003
Mollusca	Liolophura_japonica	135471388	XP_064606675
Mollusca	Liolophura_japonica	135481332	XP_064617239
Mollusca	Littorina_saxatilis	138957018	XP_070184295
Mollusca	Littorina_saxatilis	138966542	XP_070194913
Mollusca	Littorina_saxatilis	138967303	XP_070195937
Mollusca	Lottia_gigantea	LOTGIDRAFT_237604	XP_009045686
Mollusca	Magallana_angulata	128163289	XP_052682801
Mollusca	Magallana_gigas	105348150	XP_065930373
Mollusca	Mercenaria_mercenaria	123531076	XP_053373624
Mollusca	Mercenaria_mercenaria	123531406	XP_053374131
Mollusca	Mizuhopecten_yessoensis	110460495	XP_021369153
Mollusca	Mizuhopecten_yessoensis	110463457	XP_021373744
Mollusca	Mya_arenaria	128220090	XP_052784340
Mollusca	Mya_arenaria	128230343	XP_052798908
Mollusca	Mytilus_californianus	127730887	XP_052095450
Mollusca	Mytilus_californianus	127730895	XP_052095457
Mollusca	Octopus_bimaculoides	106867388	XP_014767730
Mollusca	Octopus_bimaculoides	106867389	XP_052825089
Mollusca	Octopus_bimaculoides	106867391	XP_014767733
Mollusca	Octopus_bimaculoides	106867392	XP_014767734
Mollusca	Octopus_sinensis	115214225	XP_029639198
Mollusca	Octopus_sinensis	115214259	XP_029639256
Mollusca	Octopus_sinensis	115214286	XP_029639293
Mollusca	Ostrea_edulis	125665875	XP_056007090
Mollusca	Patella_vulgata	126819069	XP_050402848
Mollusca	Pecten_maximus	117319911	XP_033730511
Mollusca	Pecten_maximus	117343609	XP_033761931
Mollusca	Pomacea_canaliculata	112574169	XP_025110840
Mollusca	Ruditapes_philippinarum	132729231	XP_060570936
Mollusca	Ruditapes_philippinarum	132754326	XP_060600924
Mollusca	Ruditapes_philippinarum	132760554	XP_060608530
Mollusca	Ylistrum_balloti	132559147	XP_060079740
Mollusca	Ylistrum_balloti	132560503	XP_060081151
Arthropoda	Artemia_franciscana	136033214	XP_065569994
Arthropoda	Bradysia_coprophila	119073180	XP_037034381
Arthropoda	Bradysia_coprophila	119074815	XP_037036999
Arthropoda	Cherax_quadricarinatus	128700574	XP_069954928
Arthropoda	Daphnia_magna	116918820	XP_032780481
Arthropoda	Daphnia_magna	116919698	XP_032781600
Arthropoda	Daphnia_pulex	DAPPUDRAFT_210998	EFX81960
Arthropoda	Daphnia_pulex	DAPPUDRAFT_39433	EFX90082
Arthropoda	Daphnia_pulicaria	124343209	XP_046652403
Arthropoda	Daphnia_pulicaria	124344137	XP_046653551
Arthropoda	Eriocheir_sinensis	126994338	XP_050709628
Arthropoda	Eurytemora_carolleeae	111701966	XP_023329239
Arthropoda	Eurytemora_carolleeae	111713554	XP_023344204
Arthropoda	Homarus_americanus	121860322	XP_042213324
Arthropoda	Hyalella_azteca	108667167	XP_018009644
Arthropoda	Hyalella_azteca	108668037	XP_018010655
Arthropoda	Hyalella_azteca	108673498	XP_018016829
Arthropoda	Hyalella_azteca	108674820	XP_018018280
Arthropoda	Lepeophtheirus_salmonis	121113757	XP_040563547
Arthropoda	Macrobrachium_nipponense	135214891	XP_064105405
Arthropoda	Macrobrachium_rosenbergii	136854024	XP_066986117
Arthropoda	Panulirus_ornatus	139753891	XP_071526947
Arthropoda	Penaeus_chinensis	125043594	XP_047495773
Arthropoda	Penaeus_japonicus	122265010	XP_042890086
Arthropoda	Penaeus_monodon	119585883	XP_037790541
Arthropoda	Penaeus_vannamei	113817850	XP_027225754
Arthropoda	Pollicipes_pollicipes	119108427	XP_037087893
Arthropoda	Pollicipes_pollicipes	119108431	XP_037087897
Arthropoda	Pollicipes_pollicipes	119108673	XP_037088196
Arthropoda	Portunus_trituberculatus	123507855	XP_045117084
Arthropoda	Procambarus_clarkii	123754003	XP_045592043
Arthropoda	Procambarus_clarkii	138353501	XP_069162580
Arthropoda	Scylla_paramamosain	135095748	XP_063852898
Arthropoda	Tigriopus_californicus	131882709	XP_059085929
Arthropoda	Tigriopus_californicus	131886272	XP_059090533
Arthropoda	Tigriopus_californicus	131889996	XP_059095221
