Phyla,Receptor,Mode
Cephalochordata,CNR1|GPR12,46
Cnidaria,CNR1|GPR12,1
Tunicata,PTGDR|PTGER3,1
Cephalochordata,PTGDR|PTGER3,16
Hemichordata,PTGDR|PTGER3,1
Echinodermata,PTGDR|PTGER3,1
Mollusca,PTGDR|PTGER3,4
Arthropoda,PTGDR|PTGER3,1
Cnidaria,PTGDR|PTGER3,3
Placozoa,PTGDR|PTGER3,3
Mammalia,CNR1,1
Archosauria,CNR1,1
Lepidosauria,CNR1,1
Testudines,CNR1,1
Amphibia,CNR1,1
Dipnomorpha,CNR1,1
Coelacanthiformes,CNR1,1
Actinopterygii,CNR1,2
Chondrichthyes,CNR1,1
Cyclostomata,CNR1,1
Tunicata,CNR1,0
Cephalochordata,CNR1,0
Hemichordata,CNR1,0
Echinodermata,CNR1,0
Annelida,CNR1,0
Mollusca,CNR1,0
Arthropoda,CNR1,0
Cnidaria,CNR1,0
Placozoa,CNR1,0
Mammalia,CNR2,1
Archosauria,CNR2,1
Lepidosauria,CNR2,1
Testudines,CNR2,1
Amphibia,CNR2,1
Dipnomorpha,CNR2,1
Coelacanthiformes,CNR2,1
Actinopterygii,CNR2,1
Chondrichthyes,CNR2,1
Cyclostomata,CNR2,0
Tunicata,CNR2,0
Cephalochordata,CNR2,0
Hemichordata,CNR2,0
Echinodermata,CNR2,0
Annelida,CNR2,0
Mollusca,CNR2,0
Arthropoda,CNR2,0
Cnidaria,CNR2,0
Placozoa,CNR2,0
Tunicata,CNR1|CNR2,3
Cephalochordata,CNR1|CNR2,2
Mammalia,CYSLTR1,1
Archosauria,CYSLTR1,1
Lepidosauria,CYSLTR1,1
Testudines,CYSLTR1,1
Amphibia,CYSLTR1,1
Dipnomorpha,CYSLTR1,1
Coelacanthiformes,CYSLTR1,1
Actinopterygii,CYSLTR1,1
Chondrichthyes,CYSLTR1,1
Cyclostomata,CYSLTR1,0
Tunicata,CYSLTR1,0
Cephalochordata,CYSLTR1,0
Hemichordata,CYSLTR1,0
Echinodermata,CYSLTR1,0
Annelida,CYSLTR1,0
Mollusca,CYSLTR1,0
Arthropoda,CYSLTR1,0
Cnidaria,CYSLTR1,0
Placozoa,CYSLTR1,0
Mammalia,CYSLTR2,1
Archosauria,CYSLTR2,1
Lepidosauria,CYSLTR2,0
Testudines,CYSLTR2,1
Amphibia,CYSLTR2,0
Dipnomorpha,CYSLTR2,1
Coelacanthiformes,CYSLTR2,1
Actinopterygii,CYSLTR2,2
Chondrichthyes,CYSLTR2,3
Cyclostomata,CYSLTR2,0
Tunicata,CYSLTR2,0
Cephalochordata,CYSLTR2,0
Hemichordata,CYSLTR2,0
Echinodermata,CYSLTR2,0
Annelida,CYSLTR2,0
Mollusca,CYSLTR2,0
Arthropoda,CYSLTR2,0
Cnidaria,CYSLTR2,0
Placozoa,CYSLTR2,0
Actinopterygii,CYSLTR1|CYSLTR2,1
Chondrichthyes,CYSLTR1|CYSLTR2,1
Cyclostomata,CYSLTR1|CYSLTR2,9
Cyclostomata,FFAR1|FFAR2|FFAR3,4
Mammalia,FFAR1,1
Archosauria,FFAR1,1
Lepidosauria,FFAR1,1
Testudines,FFAR1,1
Amphibia,FFAR1,1
Dipnomorpha,FFAR1,0
Coelacanthiformes,FFAR1,1
Actinopterygii,FFAR1,1
Chondrichthyes,FFAR1,2
Cyclostomata,FFAR1,0
Tunicata,FFAR1,0
Cephalochordata,FFAR1,0
Hemichordata,FFAR1,0
Echinodermata,FFAR1,0
Annelida,FFAR1,0
Mollusca,FFAR1,0
Arthropoda,FFAR1,0
Cnidaria,FFAR1,0
Placozoa,FFAR1,0
Lepidosauria,FFAR2|FFAR3,1
Testudines,FFAR2|FFAR3,1
Amphibia,FFAR2|FFAR3,2
Dipnomorpha,FFAR2|FFAR3,3
Coelacanthiformes,FFAR2|FFAR3,1
Actinopterygii,FFAR2|FFAR3,3
Chondrichthyes,FFAR2|FFAR3,1
Mammalia,FFAR2,1
Archosauria,FFAR2,1
Lepidosauria,FFAR2,1
Testudines,FFAR2,3
Amphibia,FFAR2,1
Dipnomorpha,FFAR2,0
Coelacanthiformes,FFAR2,0
Actinopterygii,FFAR2,0
Chondrichthyes,FFAR2,0
Cyclostomata,FFAR2,0
Tunicata,FFAR2,0
Cephalochordata,FFAR2,0
Hemichordata,FFAR2,0
Echinodermata,FFAR2,0
Annelida,FFAR2,0
Mollusca,FFAR2,0
Arthropoda,FFAR2,0
Cnidaria,FFAR2,0
Placozoa,FFAR2,0
Mammalia,FFAR3,1
Archosauria,FFAR3,1
Lepidosauria,FFAR3,0
Testudines,FFAR3,1
Amphibia,FFAR3,0
Dipnomorpha,FFAR3,0
Coelacanthiformes,FFAR3,0
Actinopterygii,FFAR3,0
Chondrichthyes,FFAR3,0
Cyclostomata,FFAR3,0
Tunicata,FFAR3,0
Cephalochordata,FFAR3,0
Hemichordata,FFAR3,0
Echinodermata,FFAR3,0
Annelida,FFAR3,0
Mollusca,FFAR3,0
Arthropoda,FFAR3,0
Cnidaria,FFAR3,0
Placozoa,FFAR3,0
Mammalia,FFAR4,1
Archosauria,FFAR4,1
Lepidosauria,FFAR4,1
Testudines,FFAR4,1
Amphibia,FFAR4,1
Dipnomorpha,FFAR4,0
Coelacanthiformes,FFAR4,0
Actinopterygii,FFAR4,1
Chondrichthyes,FFAR4,1
Cyclostomata,FFAR4,1
Tunicata,FFAR4,0
Cephalochordata,FFAR4,2
Hemichordata,FFAR4,0
Echinodermata,FFAR4,1
Annelida,FFAR4,1
Mollusca,FFAR4,1
Arthropoda,FFAR4,1
Cnidaria,FFAR4,0
Placozoa,FFAR4,0
Mammalia,GPR119,1
Archosauria,GPR119,1
Lepidosauria,GPR119,1
Testudines,GPR119,2
Amphibia,GPR119,1
Dipnomorpha,GPR119,1
Coelacanthiformes,GPR119,0
Actinopterygii,GPR119,1
Chondrichthyes,GPR119,1
Cyclostomata,GPR119,0
Tunicata,GPR119,0
Cephalochordata,GPR119,1
Hemichordata,GPR119,1
Echinodermata,GPR119,1
Annelida,GPR119,1
Mollusca,GPR119,1
Arthropoda,GPR119,1
Cnidaria,GPR119,0
Placozoa,GPR119,0
Mammalia,GPR12,1
Archosauria,GPR12,1
Lepidosauria,GPR12,1
Testudines,GPR12,1
Amphibia,GPR12,1
Dipnomorpha,GPR12,1
Coelacanthiformes,GPR12,2
Actinopterygii,GPR12,1
Chondrichthyes,GPR12,1
Cyclostomata,GPR12,0
Tunicata,GPR12,0
Cephalochordata,GPR12,0
Hemichordata,GPR12,0
Echinodermata,GPR12,0
Annelida,GPR12,0
Mollusca,GPR12,0
Arthropoda,GPR12,0
Cnidaria,GPR12,0
Placozoa,GPR12,0
Mammalia,GPR132,1
Archosauria,GPR132,1
Lepidosauria,GPR132,1
Testudines,GPR132,1
Amphibia,GPR132,1
Dipnomorpha,GPR132,1
Coelacanthiformes,GPR132,1
Actinopterygii,GPR132,1
Chondrichthyes,GPR132,1
Cyclostomata,GPR132,0
Tunicata,GPR132,0
Cephalochordata,GPR132,0
Hemichordata,GPR132,0
Echinodermata,GPR132,0
Annelida,GPR132,0
Mollusca,GPR132,0
Arthropoda,GPR132,0
Cnidaria,GPR132,0
Placozoa,GPR132,0
Mammalia,GPR161,1
Archosauria,GPR161,1
Lepidosauria,GPR161,1
Testudines,GPR161,1
Amphibia,GPR161,1
Dipnomorpha,GPR161,0
Coelacanthiformes,GPR161,1
Actinopterygii,GPR161,1
Chondrichthyes,GPR161,1
Cyclostomata,GPR161,1
Tunicata,GPR161,0
Cephalochordata,GPR161,3
Hemichordata,GPR161,1
Echinodermata,GPR161,1
Annelida,GPR161,0
Mollusca,GPR161,1
Arthropoda,GPR161,1
Cnidaria,GPR161,1
Placozoa,GPR161,0
Actinopterygii,P2RY10|GPR174,1
Mammalia,GPR174,1
Archosauria,GPR174,1
Lepidosauria,GPR174,1
Testudines,GPR174,1
Amphibia,GPR174,1
Dipnomorpha,GPR174,1
Coelacanthiformes,GPR174,1
Actinopterygii,GPR174,1
Chondrichthyes,GPR174,1
Cyclostomata,GPR174,0
Tunicata,GPR174,0
Cephalochordata,GPR174,0
Hemichordata,GPR174,0
Echinodermata,GPR174,0
Annelida,GPR174,0
Mollusca,GPR174,0
Arthropoda,GPR174,0
Cnidaria,GPR174,0
Placozoa,GPR174,0
Mammalia,GPR17,1
Archosauria,GPR17,1
Lepidosauria,GPR17,1
Testudines,GPR17,1
Amphibia,GPR17,1
Dipnomorpha,GPR17,1
Coelacanthiformes,GPR17,3
Actinopterygii,GPR17,2
Chondrichthyes,GPR17,2
Cyclostomata,GPR17,2
Tunicata,GPR17,0
Cephalochordata,GPR17,0
Hemichordata,GPR17,0
Echinodermata,GPR17,0
Annelida,GPR17,0
Mollusca,GPR17,0
Arthropoda,GPR17,0
Cnidaria,GPR17,0
Placozoa,GPR17,0
Mammalia,GPR183/LIKE,1
Archosauria,GPR183/LIKE,1
Lepidosauria,GPR183/LIKE,0
Testudines,GPR183/LIKE,1
Amphibia,GPR183/LIKE,1
Dipnomorpha,GPR183/LIKE,0
Coelacanthiformes,GPR183/LIKE,1
Actinopterygii,GPR183/LIKE,1
Chondrichthyes,GPR183/LIKE,1
Cyclostomata,GPR183/LIKE,0
Tunicata,GPR183/LIKE,0
Cephalochordata,GPR183/LIKE,0
Hemichordata,GPR183/LIKE,0
Echinodermata,GPR183/LIKE,0
Annelida,GPR183/LIKE,0
Mollusca,GPR183/LIKE,0
Arthropoda,GPR183/LIKE,0
Cnidaria,GPR183/LIKE,0
Placozoa,GPR183/LIKE,0
Mammalia,GPR183,1
Archosauria,GPR183,1
Lepidosauria,GPR183,1
Testudines,GPR183,1
Amphibia,GPR183,1
Dipnomorpha,GPR183,1
Coelacanthiformes,GPR183,1
Actinopterygii,GPR183,1
Chondrichthyes,GPR183,1
Cyclostomata,GPR183,0
Tunicata,GPR183,0
Cephalochordata,GPR183,0
Hemichordata,GPR183,0
Echinodermata,GPR183,0
Annelida,GPR183,0
Mollusca,GPR183,0
Arthropoda,GPR183,0
Cnidaria,GPR183,0
Placozoa,GPR183,0
Mammalia,GPR18,1
Archosauria,GPR18,1
Lepidosauria,GPR18,1
Testudines,GPR18,1
Amphibia,GPR18,1
Dipnomorpha,GPR18,1
Coelacanthiformes,GPR18,1
Actinopterygii,GPR18,1
Chondrichthyes,GPR18,1
Cyclostomata,GPR18,1
Tunicata,GPR18,0
Cephalochordata,GPR18,0
Hemichordata,GPR18,0
Echinodermata,GPR18,0
Annelida,GPR18,0
Mollusca,GPR18,0
Arthropoda,GPR18,0
Cnidaria,GPR18,0
Placozoa,GPR18,0
Actinopterygii,GPR31/LIKE,1
Mammalia,GPR31,1
Archosauria,GPR31,0
Lepidosauria,GPR31,0
Testudines,GPR31,1
Amphibia,GPR31,0
Dipnomorpha,GPR31,1
Coelacanthiformes,GPR31,0
Actinopterygii,GPR31,0
Chondrichthyes,GPR31,0
Cyclostomata,GPR31,0
Tunicata,GPR31,0
Cephalochordata,GPR31,0
Hemichordata,GPR31,0
Echinodermata,GPR31,0
Annelida,GPR31,0
Mollusca,GPR31,0
Arthropoda,GPR31,0
Cnidaria,GPR31,0
Placozoa,GPR31,0
Mammalia,GPR34/LIKE,1
Archosauria,GPR34/LIKE,1
Lepidosauria,GPR34/LIKE,1
Testudines,GPR34/LIKE,0
Amphibia,GPR34/LIKE,1
Dipnomorpha,GPR34/LIKE,0
Coelacanthiformes,GPR34/LIKE,1
Actinopterygii,GPR34/LIKE,1
Chondrichthyes,GPR34/LIKE,1
Cyclostomata,GPR34/LIKE,0
Tunicata,GPR34/LIKE,0
Cephalochordata,GPR34/LIKE,0
Hemichordata,GPR34/LIKE,0
Echinodermata,GPR34/LIKE,0
Annelida,GPR34/LIKE,0
Mollusca,GPR34/LIKE,0
Arthropoda,GPR34/LIKE,0
Cnidaria,GPR34/LIKE,0
Placozoa,GPR34/LIKE,0
Mammalia,GPR34,1
Archosauria,GPR34,1
Lepidosauria,GPR34,1
Testudines,GPR34,1
Amphibia,GPR34,1
Dipnomorpha,GPR34,1
Coelacanthiformes,GPR34,1
Actinopterygii,GPR34,2
Chondrichthyes,GPR34,1
Cyclostomata,GPR34,0
Tunicata,GPR34,0
Cephalochordata,GPR34,0
Hemichordata,GPR34,0
Echinodermata,GPR34,0
Annelida,GPR34,0
Mollusca,GPR34,0
Arthropoda,GPR34,0
Cnidaria,GPR34,0
Placozoa,GPR34,0
Mammalia,GPR35,1
Archosauria,GPR35,2
Lepidosauria,GPR35,1
Testudines,GPR35,3
Amphibia,GPR35,2
Dipnomorpha,GPR35,1
Coelacanthiformes,GPR35,2
Actinopterygii,GPR35,1
Chondrichthyes,GPR35,3
Cyclostomata,GPR35,0
Tunicata,GPR35,0
Cephalochordata,GPR35,0
Hemichordata,GPR35,0
Echinodermata,GPR35,0
Annelida,GPR35,0
Mollusca,GPR35,0
Arthropoda,GPR35,0
Cnidaria,GPR35,0
Placozoa,GPR35,0
Mammalia,GPR3,1
Archosauria,GPR3,1
Lepidosauria,GPR3,1
Testudines,GPR3,1
Amphibia,GPR3,1
Dipnomorpha,GPR3,1
Coelacanthiformes,GPR3,1
Actinopterygii,GPR3,1
Chondrichthyes,GPR3,1
Cyclostomata,GPR3,0
Tunicata,GPR3,0
Cephalochordata,GPR3,0
Hemichordata,GPR3,0
Echinodermata,GPR3,0
Annelida,GPR3,0
Mollusca,GPR3,0
Arthropoda,GPR3,0
Cnidaria,GPR3,0
Placozoa,GPR3,0
Cyclostomata,GPR3|GPR12,1
Mammalia,GPR42,1
Archosauria,GPR42,0
Lepidosauria,GPR42,0
Testudines,GPR42,0
Amphibia,GPR42,0
Dipnomorpha,GPR42,0
Coelacanthiformes,GPR42,0
Actinopterygii,GPR42,0
Chondrichthyes,GPR42,0
Cyclostomata,GPR42,0
Tunicata,GPR42,0
Cephalochordata,GPR42,0
Hemichordata,GPR42,0
Echinodermata,GPR42,0
Annelida,GPR42,0
Mollusca,GPR42,0
Arthropoda,GPR42,0
Cnidaria,GPR42,0
Placozoa,GPR42,0
Mammalia,GPR55/LIKE,1
Archosauria,GPR55/LIKE,1
Lepidosauria,GPR55/LIKE,1
Testudines,GPR55/LIKE,1
Amphibia,GPR55/LIKE,1
Dipnomorpha,GPR55/LIKE,0
Coelacanthiformes,GPR55/LIKE,1
Actinopterygii,GPR55/LIKE,1
Chondrichthyes,GPR55/LIKE,5
Cyclostomata,GPR55/LIKE,0
Tunicata,GPR55/LIKE,0
Cephalochordata,GPR55/LIKE,0
Hemichordata,GPR55/LIKE,0
Echinodermata,GPR55/LIKE,0
Annelida,GPR55/LIKE,0
Mollusca,GPR55/LIKE,0
Arthropoda,GPR55/LIKE,0
Cnidaria,GPR55/LIKE,0
Placozoa,GPR55/LIKE,0
Mammalia,GPR55,1
Archosauria,GPR55,1
Lepidosauria,GPR55,0
Testudines,GPR55,2
Amphibia,GPR55,1
Dipnomorpha,GPR55,1
Coelacanthiformes,GPR55,1
Actinopterygii,GPR55,1
Chondrichthyes,GPR55,1
Cyclostomata,GPR55,0
Tunicata,GPR55,0
Cephalochordata,GPR55,0
Hemichordata,GPR55,0
Echinodermata,GPR55,0
Annelida,GPR55,0
Mollusca,GPR55,0
Arthropoda,GPR55,0
Cnidaria,GPR55,0
Placozoa,GPR55,0
Mammalia,GPR6,1
Archosauria,GPR6,1
Lepidosauria,GPR6,1
Testudines,GPR6,1
Amphibia,GPR6,1
Dipnomorpha,GPR6,1
Coelacanthiformes,GPR6,1
Actinopterygii,GPR6,1
Chondrichthyes,GPR6,1
Cyclostomata,GPR6,0
Tunicata,GPR6,0
Cephalochordata,GPR6,0
Hemichordata,GPR6,0
Echinodermata,GPR6,0
Annelida,GPR6,0
Mollusca,GPR6,0
Arthropoda,GPR6,0
Cnidaria,GPR6,0
Placozoa,GPR6,0
Mammalia,GPR82,1
Archosauria,GPR82,1
Lepidosauria,GPR82,0
Testudines,GPR82,1
Amphibia,GPR82,1
Dipnomorpha,GPR82,2
Coelacanthiformes,GPR82,1
Actinopterygii,GPR82,1
Chondrichthyes,GPR82,1
Cyclostomata,GPR82,0
Tunicata,GPR82,0
Cephalochordata,GPR82,0
Hemichordata,GPR82,0
Echinodermata,GPR82,0
Annelida,GPR82,0
Mollusca,GPR82,0
Arthropoda,GPR82,0
Cnidaria,GPR82,0
Placozoa,GPR82,0
Mammalia,GPR84,1
Archosauria,GPR84,1
Lepidosauria,GPR84,1
Testudines,GPR84,1
Amphibia,GPR84,1
Dipnomorpha,GPR84,1
Coelacanthiformes,GPR84,1
Actinopterygii,GPR84,1
Chondrichthyes,GPR84,1
Cyclostomata,GPR84,1
Tunicata,GPR84,0
Cephalochordata,GPR84,0
Hemichordata,GPR84,0
Echinodermata,GPR84,0
Annelida,GPR84,0
Mollusca,GPR84,0
Arthropoda,GPR84,0
Cnidaria,GPR84,0
Placozoa,GPR84,0
Mammalia,GPR87,1
Archosauria,GPR87,1
Lepidosauria,GPR87,1
Testudines,GPR87,1
Amphibia,GPR87,1
Dipnomorpha,GPR87,0
Coelacanthiformes,GPR87,2
Actinopterygii,GPR87,1
Chondrichthyes,GPR87,1
Cyclostomata,GPR87,0
Tunicata,GPR87,0
Cephalochordata,GPR87,0
Hemichordata,GPR87,0
Echinodermata,GPR87,0
Annelida,GPR87,0
Mollusca,GPR87,0
Arthropoda,GPR87,0
Cnidaria,GPR87,0
Placozoa,GPR87,0
Mammalia,LPAR1,1
Archosauria,LPAR1,1
Lepidosauria,LPAR1,1
Testudines,LPAR1,1
Amphibia,LPAR1,1
Dipnomorpha,LPAR1,1
Coelacanthiformes,LPAR1,1
Actinopterygii,LPAR1,1
Chondrichthyes,LPAR1,1
Tunicata,LPAR1,0
Cephalochordata,LPAR1,0
Hemichordata,LPAR1,0
Echinodermata,LPAR1,0
Annelida,LPAR1,0
Mollusca,LPAR1,0
Arthropoda,LPAR1,0
Cnidaria,LPAR1,0
Placozoa,LPAR1,0
Mammalia,LPAR2,1
Archosauria,LPAR2,1
Lepidosauria,LPAR2,1
Testudines,LPAR2,1
Amphibia,LPAR2,1
Dipnomorpha,LPAR2,1
Coelacanthiformes,LPAR2,0
Actinopterygii,LPAR2,1
Chondrichthyes,LPAR2,1
Cyclostomata,LPAR2,0
Tunicata,LPAR2,0
Cephalochordata,LPAR2,0
Hemichordata,LPAR2,0
Echinodermata,LPAR2,0
Annelida,LPAR2,0
Mollusca,LPAR2,0
Arthropoda,LPAR2,0
Cnidaria,LPAR2,0
Placozoa,LPAR2,0
Mammalia,LPAR3,1
Archosauria,LPAR3,1
Lepidosauria,LPAR3,1
Testudines,LPAR3,1
Amphibia,LPAR3,1
Dipnomorpha,LPAR3,1
Coelacanthiformes,LPAR3,1
Actinopterygii,LPAR3,1
Chondrichthyes,LPAR3,1
Cyclostomata,LPAR3,0
Tunicata,LPAR3,0
Cephalochordata,LPAR3,0
Hemichordata,LPAR3,0
Echinodermata,LPAR3,0
Annelida,LPAR3,0
Mollusca,LPAR3,0
Arthropoda,LPAR3,0
Cnidaria,LPAR3,0
Placozoa,LPAR3,0
Cyclostomata,LPAR1|LPAR3,3
Mammalia,LPAR4,1
Archosauria,LPAR4,1
Lepidosauria,LPAR4,1
Testudines,LPAR4,1
Amphibia,LPAR4,1
Dipnomorpha,LPAR4,1
Coelacanthiformes,LPAR4,1
Actinopterygii,LPAR4,1
Chondrichthyes,LPAR4,1
Cyclostomata,LPAR4,0
Tunicata,LPAR4,0
Cephalochordata,LPAR4,0
Hemichordata,LPAR4,0
Echinodermata,LPAR4,0
Annelida,LPAR4,0
Mollusca,LPAR4,0
Arthropoda,LPAR4,0
Cnidaria,LPAR4,0
Placozoa,LPAR4,0
Mammalia,LPAR5,1
Archosauria,LPAR5,1
Lepidosauria,LPAR5,1
Testudines,LPAR5,1
Amphibia,LPAR5,1
Dipnomorpha,LPAR5,2
Coelacanthiformes,LPAR5,1
Actinopterygii,LPAR5,0
Chondrichthyes,LPAR5,1
Cyclostomata,LPAR5,0
Tunicata,LPAR5,0
Cephalochordata,LPAR5,0
Hemichordata,LPAR5,0
Echinodermata,LPAR5,0
Annelida,LPAR5,0
Mollusca,LPAR5,0
Arthropoda,LPAR5,0
Cnidaria,LPAR5,0
Placozoa,LPAR5,0
Mammalia,LPAR6,1
Archosauria,LPAR6,1
Lepidosauria,LPAR6,1
Testudines,LPAR6,1
Amphibia,LPAR6,1
Dipnomorpha,LPAR6,1
Coelacanthiformes,LPAR6,1
Actinopterygii,LPAR6,2
Chondrichthyes,LPAR6,1
Cyclostomata,LPAR6,0
Tunicata,LPAR6,0
Cephalochordata,LPAR6,0
Hemichordata,LPAR6,0
Echinodermata,LPAR6,0
Annelida,LPAR6,0
Mollusca,LPAR6,0
Arthropoda,LPAR6,0
Cnidaria,LPAR6,0
Placozoa,LPAR6,0
Lepidosauria,LPAR4|LPAR5,1
Testudines,LPAR4|LPAR5,1
Amphibia,LPAR4|LPAR5,1
Coelacanthiformes,LPAR4|LPAR5,1
Actinopterygii,LPAR4|LPAR5,1
Chondrichthyes,LPAR4|LPAR5,2
Cyclostomata,LPAR4|LPAR5,1
Archosauria,LTB4R1|LTB4R2,1
Lepidosauria,LTB4R1|LTB4R2,1
Actinopterygii,LTB4R1|LTB4R2,1
Chondrichthyes,LTB4R1|LTB4R2,6
Mammalia,LTB4R1,1
Archosauria,LTB4R1,1
Lepidosauria,LTB4R1,1
Testudines,LTB4R1,1
Amphibia,LTB4R1,1
Dipnomorpha,LTB4R1,0
Coelacanthiformes,LTB4R1,1
Actinopterygii,LTB4R1,1
Chondrichthyes,LTB4R1,0
Cyclostomata,LTB4R1,0
Tunicata,LTB4R1,0
Cephalochordata,LTB4R1,0
Hemichordata,LTB4R1,0
Echinodermata,LTB4R1,0
Annelida,LTB4R1,0
Mollusca,LTB4R1,0
Arthropoda,LTB4R1,0
Cnidaria,LTB4R1,0
Placozoa,LTB4R1,0
Mammalia,LTB4R2,1
Archosauria,LTB4R2,1
Lepidosauria,LTB4R2,1
Testudines,LTB4R2,1
Amphibia,LTB4R2,1
Dipnomorpha,LTB4R2,0
Coelacanthiformes,LTB4R2,1
Actinopterygii,LTB4R2,2
Chondrichthyes,LTB4R2,0
Cyclostomata,LTB4R2,0
Tunicata,LTB4R2,0
Cephalochordata,LTB4R2,0
Hemichordata,LTB4R2,0
Echinodermata,LTB4R2,0
Annelida,LTB4R2,0
Mollusca,LTB4R2,0
Arthropoda,LTB4R2,0
Cnidaria,LTB4R2,0
Placozoa,LTB4R2,0
Mammalia,OXER1,1
Archosauria,OXER1,0
Lepidosauria,OXER1,0
Testudines,OXER1,1
Amphibia,OXER1,0
Dipnomorpha,OXER1,0
Coelacanthiformes,OXER1,1
Actinopterygii,OXER1,1
Chondrichthyes,OXER1,0
Cyclostomata,OXER1,0
Tunicata,OXER1,0
Cephalochordata,OXER1,0
Hemichordata,OXER1,0
Echinodermata,OXER1,0
Annelida,OXER1,0
Mollusca,OXER1,0
Arthropoda,OXER1,0
Cnidaria,OXER1,0
Placozoa,OXER1,0
Mammalia,OXGR1,1
Archosauria,OXGR1,1
Lepidosauria,OXGR1,1
Testudines,OXGR1,2
Amphibia,OXGR1,1
Dipnomorpha,OXGR1,4
Coelacanthiformes,OXGR1,0
Actinopterygii,OXGR1,1
Chondrichthyes,OXGR1,0
Cyclostomata,OXGR1,0
Tunicata,OXGR1,0
Cephalochordata,OXGR1,0
Hemichordata,OXGR1,0
Echinodermata,OXGR1,0
Annelida,OXGR1,0
Mollusca,OXGR1,0
Arthropoda,OXGR1,0
Cnidaria,OXGR1,0
Placozoa,OXGR1,0
Mammalia,P2RY10,2
Archosauria,P2RY10,1
Lepidosauria,P2RY10,2
Testudines,P2RY10,2
Amphibia,P2RY10,1
Dipnomorpha,P2RY10,1
Coelacanthiformes,P2RY10,1
Actinopterygii,P2RY10,1
Chondrichthyes,P2RY10,1
Cyclostomata,P2RY10,0
Tunicata,P2RY10,0
Cephalochordata,P2RY10,0
Hemichordata,P2RY10,0
Echinodermata,P2RY10,0
Annelida,P2RY10,0
Mollusca,P2RY10,0
Arthropoda,P2RY10,0
Cnidaria,P2RY10,0
Placozoa,P2RY10,0
Mammalia,PTAFR/LIKE,1
Archosauria,PTAFR/LIKE,1
Lepidosauria,PTAFR/LIKE,1
Testudines,PTAFR/LIKE,1
Amphibia,PTAFR/LIKE,1
Dipnomorpha,PTAFR/LIKE,1
Coelacanthiformes,PTAFR/LIKE,1
Actinopterygii,PTAFR/LIKE,1
Chondrichthyes,PTAFR/LIKE,1
Cyclostomata,PTAFR/LIKE,0
Tunicata,PTAFR/LIKE,0
Cephalochordata,PTAFR/LIKE,0
Hemichordata,PTAFR/LIKE,0
Echinodermata,PTAFR/LIKE,0
Annelida,PTAFR/LIKE,0
Mollusca,PTAFR/LIKE,0
Arthropoda,PTAFR/LIKE,0
Cnidaria,PTAFR/LIKE,0
Placozoa,PTAFR/LIKE,0
Mammalia,PTAFR,1
Archosauria,PTAFR,1
Lepidosauria,PTAFR,1
Testudines,PTAFR,1
Amphibia,PTAFR,1
Dipnomorpha,PTAFR,1
Coelacanthiformes,PTAFR,2
Actinopterygii,PTAFR,1
Chondrichthyes,PTAFR,1
Cyclostomata,PTAFR,0
Tunicata,PTAFR,0
Cephalochordata,PTAFR,0
Hemichordata,PTAFR,0
Echinodermata,PTAFR,0
Annelida,PTAFR,0
Mollusca,PTAFR,0
Arthropoda,PTAFR,0
Cnidaria,PTAFR,0
Placozoa,PTAFR,0
Mammalia,PTGDR2,1
Archosauria,PTGDR2,0
Lepidosauria,PTGDR2,0
Testudines,PTGDR2,0
Amphibia,PTGDR2,1
Dipnomorpha,PTGDR2,2
Coelacanthiformes,PTGDR2,1
Actinopterygii,PTGDR2,1
Chondrichthyes,PTGDR2,0
Cyclostomata,PTGDR2,0
Tunicata,PTGDR2,0
Cephalochordata,PTGDR2,0
Hemichordata,PTGDR2,0
Echinodermata,PTGDR2,0
Annelida,PTGDR2,0
Mollusca,PTGDR2,0
Arthropoda,PTGDR2,0
Cnidaria,PTGDR2,0
Placozoa,PTGDR2,0
Mammalia,PTGDR,1
Archosauria,PTGDR,1
Lepidosauria,PTGDR,1
Testudines,PTGDR,1
Amphibia,PTGDR,1
Dipnomorpha,PTGDR,1
Coelacanthiformes,PTGDR,1
Actinopterygii,PTGDR,1
Chondrichthyes,PTGDR,1
Cyclostomata,PTGDR,0
Tunicata,PTGDR,0
Cephalochordata,PTGDR,0
Hemichordata,PTGDR,0
Echinodermata,PTGDR,0
Annelida,PTGDR,0
Mollusca,PTGDR,0
Arthropoda,PTGDR,0
Cnidaria,PTGDR,0
Placozoa,PTGDR,0
Cyclostomata,PTGDR|PTGIR,3
Mammalia,PTGER1,1
Archosauria,PTGER1,1
Lepidosauria,PTGER1,1
Testudines,PTGER1,1
Amphibia,PTGER1,1
Dipnomorpha,PTGER1,1
Coelacanthiformes,PTGER1,1
Actinopterygii,PTGER1,3
Chondrichthyes,PTGER1,1
Cyclostomata,PTGER1,0
Tunicata,PTGER1,0
Cephalochordata,PTGER1,0
Hemichordata,PTGER1,0
Echinodermata,PTGER1,0
Annelida,PTGER1,0
Mollusca,PTGER1,0
Arthropoda,PTGER1,0
Cnidaria,PTGER1,0
Placozoa,PTGER1,0
Mammalia,PTGER2,1
Archosauria,PTGER2,1
Lepidosauria,PTGER2,1
Testudines,PTGER2,1
Amphibia,PTGER2,1
Dipnomorpha,PTGER2,1
Coelacanthiformes,PTGER2,1
Actinopterygii,PTGER2,1
Chondrichthyes,PTGER2,1
Cyclostomata,PTGER2,0
Tunicata,PTGER2,0
Cephalochordata,PTGER2,0
Hemichordata,PTGER2,0
Echinodermata,PTGER2,0
Annelida,PTGER2,0
Mollusca,PTGER2,0
Arthropoda,PTGER2,0
Cnidaria,PTGER2,0
Placozoa,PTGER2,0
Mammalia,PTGER3,1
Archosauria,PTGER3,1
Lepidosauria,PTGER3,1
Testudines,PTGER3,1
Amphibia,PTGER3,1
Dipnomorpha,PTGER3,1
Coelacanthiformes,PTGER3,1
Actinopterygii,PTGER3,1
Chondrichthyes,PTGER3,1
Cyclostomata,PTGER3,1
Tunicata,PTGER3,0
Cephalochordata,PTGER3,0
Hemichordata,PTGER3,0
Echinodermata,PTGER3,0
Annelida,PTGER3,0
Mollusca,PTGER3,0
Arthropoda,PTGER3,0
Cnidaria,PTGER3,0
Placozoa,PTGER3,0
Mammalia,PTGER4,1
Archosauria,PTGER4,1
Lepidosauria,PTGER4,1
Testudines,PTGER4,1
Amphibia,PTGER4,1
Dipnomorpha,PTGER4,3
Coelacanthiformes,PTGER4,3
Actinopterygii,PTGER4,3
Chondrichthyes,PTGER4,2
Cyclostomata,PTGER4,1
Tunicata,PTGER4,0
Cephalochordata,PTGER4,0
Hemichordata,PTGER4,0
Echinodermata,PTGER4,0
Annelida,PTGER4,0
Mollusca,PTGER4,0
Arthropoda,PTGER4,0
Cnidaria,PTGER4,0
Placozoa,PTGER4,0
Mammalia,PTGFR,1
Archosauria,PTGFR,1
Lepidosauria,PTGFR,1
Testudines,PTGFR,1
Amphibia,PTGFR,1
Dipnomorpha,PTGFR,1
Coelacanthiformes,PTGFR,1
Actinopterygii,PTGFR,1
Chondrichthyes,PTGFR,1
Cyclostomata,PTGFR,0
Tunicata,PTGFR,0
Cephalochordata,PTGFR,0
Hemichordata,PTGFR,0
Echinodermata,PTGFR,0
Annelida,PTGFR,0
Mollusca,PTGFR,0
Arthropoda,PTGFR,0
Cnidaria,PTGFR,0
Placozoa,PTGFR,0
Mammalia,PTGIR,1
Archosauria,PTGIR,1
Lepidosauria,PTGIR,1
Testudines,PTGIR,1
Amphibia,PTGIR,1
Dipnomorpha,PTGIR,0
Coelacanthiformes,PTGIR,0
Actinopterygii,PTGIR,1
Chondrichthyes,PTGIR,1
Cyclostomata,PTGIR,0
Tunicata,PTGIR,0
Cephalochordata,PTGIR,0
Hemichordata,PTGIR,0
Echinodermata,PTGIR,0
Annelida,PTGIR,0
Mollusca,PTGIR,0
Arthropoda,PTGIR,0
Cnidaria,PTGIR,0
Placozoa,PTGIR,0
Mammalia,S1PR1,1
Archosauria,S1PR1,1
Lepidosauria,S1PR1,1
Testudines,S1PR1,1
Amphibia,S1PR1,1
Dipnomorpha,S1PR1,1
Coelacanthiformes,S1PR1,2
Actinopterygii,S1PR1,1
Chondrichthyes,S1PR1,1
Cyclostomata,S1PR1,0
Tunicata,S1PR1,0
Cephalochordata,S1PR1,0
Hemichordata,S1PR1,0
Echinodermata,S1PR1,0
Annelida,S1PR1,0
Mollusca,S1PR1,0
Arthropoda,S1PR1,0
Cnidaria,S1PR1,0
Placozoa,S1PR1,0
Mammalia,S1PR2,1
Archosauria,S1PR2,1
Lepidosauria,S1PR2,1
Testudines,S1PR2,1
Amphibia,S1PR2,1
Dipnomorpha,S1PR2,1
Coelacanthiformes,S1PR2,1
Actinopterygii,S1PR2,1
Chondrichthyes,S1PR2,1
Cyclostomata,S1PR2,0
Tunicata,S1PR2,0
Cephalochordata,S1PR2,0
Hemichordata,S1PR2,0
Echinodermata,S1PR2,0
Annelida,S1PR2,0
Mollusca,S1PR2,0
Arthropoda,S1PR2,0
Cnidaria,S1PR2,0
Placozoa,S1PR2,0
Mammalia,S1PR3,1
Archosauria,S1PR3,1
Lepidosauria,S1PR3,1
Testudines,S1PR3,1
Amphibia,S1PR3,1
Dipnomorpha,S1PR3,2
Coelacanthiformes,S1PR3,2
Actinopterygii,S1PR3,2
Chondrichthyes,S1PR3,2
Cyclostomata,S1PR3,0
Tunicata,S1PR3,0
Cephalochordata,S1PR3,0
Hemichordata,S1PR3,0
Echinodermata,S1PR3,0
Annelida,S1PR3,0
Mollusca,S1PR3,0
Arthropoda,S1PR3,0
Cnidaria,S1PR3,0
Placozoa,S1PR3,0
Mammalia,S1PR4,1
Archosauria,S1PR4,1
Lepidosauria,S1PR4,1
Testudines,S1PR4,1
Amphibia,S1PR4,1
Dipnomorpha,S1PR4,1
Coelacanthiformes,S1PR4,1
Actinopterygii,S1PR4,1
Chondrichthyes,S1PR4,1
Cyclostomata,S1PR4,0
Tunicata,S1PR4,0
Cephalochordata,S1PR4,0
Hemichordata,S1PR4,0
Echinodermata,S1PR4,0
Annelida,S1PR4,0
Mollusca,S1PR4,0
Arthropoda,S1PR4,0
Cnidaria,S1PR4,0
Placozoa,S1PR4,0
Mammalia,S1PR5,1
Archosauria,S1PR5,1
Lepidosauria,S1PR5,1
Testudines,S1PR5,1
Amphibia,S1PR5,1
Dipnomorpha,S1PR5,1
Coelacanthiformes,S1PR5,1
Actinopterygii,S1PR5,2
Chondrichthyes,S1PR5,1
Cyclostomata,S1PR5,0
Tunicata,S1PR5,0
Cephalochordata,S1PR5,0
Hemichordata,S1PR5,0
Echinodermata,S1PR5,0
Annelida,S1PR5,0
Mollusca,S1PR5,0
Arthropoda,S1PR5,0
Cnidaria,S1PR5,0
Placozoa,S1PR5,0
Cyclostomata,S1PR1|S1PR5,3
Mammalia,TBXA2R,1
Archosauria,TBXA2R,1
Lepidosauria,TBXA2R,1
Testudines,TBXA2R,1
Amphibia,TBXA2R,1
Dipnomorpha,TBXA2R,1
Coelacanthiformes,TBXA2R,1
Actinopterygii,TBXA2R,1
Chondrichthyes,TBXA2R,1
Cyclostomata,TBXA2R,1
Tunicata,TBXA2R,0
Cephalochordata,TBXA2R,0
Hemichordata,TBXA2R,0
Echinodermata,TBXA2R,0
Annelida,TBXA2R,0
Mollusca,TBXA2R,0
Arthropoda,TBXA2R,0
Cnidaria,TBXA2R,0
Placozoa,TBXA2R,0
