Phyla,Receptor,Unique_species
Cephalochordata,CNR1|GPR12,3
Cnidaria,CNR1|GPR12,2
Tunicata,PTGDR|PTGER3,1
Cephalochordata,PTGDR|PTGER3,3
Hemichordata,PTGDR|PTGER3,2
Echinodermata,PTGDR|PTGER3,9
Mollusca,PTGDR|PTGER3,34
Arthropoda,PTGDR|PTGER3,303
Cnidaria,PTGDR|PTGER3,20
Placozoa,PTGDR|PTGER3,1
Mammalia,CNR1,241
Archosauria,CNR1,425
Lepidosauria,CNR1,28
Testudines,CNR1,16
Amphibia,CNR1,20
Dipnomorpha,CNR1,1
Coelacanthiformes,CNR1,1
Actinopterygii,CNR1,235
Chondrichthyes,CNR1,18
Cyclostomata,CNR1,2
Tunicata,CNR1,0
Cephalochordata,CNR1,0
Hemichordata,CNR1,0
Echinodermata,CNR1,0
Annelida,CNR1,0
Mollusca,CNR1,0
Arthropoda,CNR1,0
Cnidaria,CNR1,0
Placozoa,CNR1,0
Mammalia,CNR2,248
Archosauria,CNR2,301
Lepidosauria,CNR2,30
Testudines,CNR2,15
Amphibia,CNR2,19
Dipnomorpha,CNR2,1
Coelacanthiformes,CNR2,1
Actinopterygii,CNR2,216
Chondrichthyes,CNR2,13
Cyclostomata,CNR2,0
Tunicata,CNR2,0
Cephalochordata,CNR2,0
Hemichordata,CNR2,0
Echinodermata,CNR2,0
Annelida,CNR2,0
Mollusca,CNR2,0
Arthropoda,CNR2,0
Cnidaria,CNR2,0
Placozoa,CNR2,0
Tunicata,CNR1|CNR2,3
Cephalochordata,CNR1|CNR2,3
Mammalia,CYSLTR1,187
Archosauria,CYSLTR1,387
Lepidosauria,CYSLTR1,22
Testudines,CYSLTR1,12
Amphibia,CYSLTR1,13
Dipnomorpha,CYSLTR1,1
Coelacanthiformes,CYSLTR1,1
Actinopterygii,CYSLTR1,171
Chondrichthyes,CYSLTR1,9
Cyclostomata,CYSLTR1,0
Tunicata,CYSLTR1,0
Cephalochordata,CYSLTR1,0
Hemichordata,CYSLTR1,0
Echinodermata,CYSLTR1,0
Annelida,CYSLTR1,0
Mollusca,CYSLTR1,0
Arthropoda,CYSLTR1,0
Cnidaria,CYSLTR1,0
Placozoa,CYSLTR1,0
Mammalia,CYSLTR2,205
Archosauria,CYSLTR2,307
Lepidosauria,CYSLTR2,0
Testudines,CYSLTR2,14
Amphibia,CYSLTR2,0
Dipnomorpha,CYSLTR2,1
Coelacanthiformes,CYSLTR2,1
Actinopterygii,CYSLTR2,62
Chondrichthyes,CYSLTR2,7
Cyclostomata,CYSLTR2,0
Tunicata,CYSLTR2,0
Cephalochordata,CYSLTR2,0
Hemichordata,CYSLTR2,0
Echinodermata,CYSLTR2,0
Annelida,CYSLTR2,0
Mollusca,CYSLTR2,0
Arthropoda,CYSLTR2,0
Cnidaria,CYSLTR2,0
Placozoa,CYSLTR2,0
Actinopterygii,CYSLTR1|CYSLTR2,55
Chondrichthyes,CYSLTR1|CYSLTR2,1
Cyclostomata,CYSLTR1|CYSLTR2,1
Cyclostomata,FFAR1|FFAR2|FFAR3,1
Mammalia,FFAR1,205
Archosauria,FFAR1,2
Lepidosauria,FFAR1,20
Testudines,FFAR1,10
Amphibia,FFAR1,9
Dipnomorpha,FFAR1,0
Coelacanthiformes,FFAR1,1
Actinopterygii,FFAR1,105
Chondrichthyes,FFAR1,2
Cyclostomata,FFAR1,0
Tunicata,FFAR1,0
Cephalochordata,FFAR1,0
Hemichordata,FFAR1,0
Echinodermata,FFAR1,0
Annelida,FFAR1,0
Mollusca,FFAR1,0
Arthropoda,FFAR1,0
Cnidaria,FFAR1,0
Placozoa,FFAR1,0
Lepidosauria,FFAR2|FFAR3,16
Testudines,FFAR2|FFAR3,9
Amphibia,FFAR2|FFAR3,14
Dipnomorpha,FFAR2|FFAR3,1
Coelacanthiformes,FFAR2|FFAR3,1
Actinopterygii,FFAR2|FFAR3,172
Chondrichthyes,FFAR2|FFAR3,1
Mammalia,FFAR2,213
Archosauria,FFAR2,46
Lepidosauria,FFAR2,19
Testudines,FFAR2,10
Amphibia,FFAR2,15
Dipnomorpha,FFAR2,0
Coelacanthiformes,FFAR2,0
Actinopterygii,FFAR2,0
Chondrichthyes,FFAR2,0
Cyclostomata,FFAR2,0
Tunicata,FFAR2,0
Cephalochordata,FFAR2,0
Hemichordata,FFAR2,0
Echinodermata,FFAR2,0
Annelida,FFAR2,0
Mollusca,FFAR2,0
Arthropoda,FFAR2,0
Cnidaria,FFAR2,0
Placozoa,FFAR2,0
Mammalia,FFAR3,205
Archosauria,FFAR3,5
Lepidosauria,FFAR3,0
Testudines,FFAR3,8
Amphibia,FFAR3,0
Dipnomorpha,FFAR3,0
Coelacanthiformes,FFAR3,0
Actinopterygii,FFAR3,0
Chondrichthyes,FFAR3,0
Cyclostomata,FFAR3,0
Tunicata,FFAR3,0
Cephalochordata,FFAR3,0
Hemichordata,FFAR3,0
Echinodermata,FFAR3,0
Annelida,FFAR3,0
Mollusca,FFAR3,0
Arthropoda,FFAR3,0
Cnidaria,FFAR3,0
Placozoa,FFAR3,0
Mammalia,FFAR4,193
Archosauria,FFAR4,343
Lepidosauria,FFAR4,19
Testudines,FFAR4,11
Amphibia,FFAR4,12
Dipnomorpha,FFAR4,0
Coelacanthiformes,FFAR4,0
Actinopterygii,FFAR4,63
Chondrichthyes,FFAR4,5
Cyclostomata,FFAR4,4
Tunicata,FFAR4,0
Cephalochordata,FFAR4,3
Hemichordata,FFAR4,0
Echinodermata,FFAR4,3
Annelida,FFAR4,1
Mollusca,FFAR4,15
Arthropoda,FFAR4,23
Cnidaria,FFAR4,0
Placozoa,FFAR4,0
Mammalia,GPR119,239
Archosauria,GPR119,410
Lepidosauria,GPR119,27
Testudines,GPR119,17
Amphibia,GPR119,12
Dipnomorpha,GPR119,1
Coelacanthiformes,GPR119,0
Actinopterygii,GPR119,209
Chondrichthyes,GPR119,3
Cyclostomata,GPR119,0
Tunicata,GPR119,0
Cephalochordata,GPR119,3
Hemichordata,GPR119,3
Echinodermata,GPR119,8
Annelida,GPR119,1
Mollusca,GPR119,21
Arthropoda,GPR119,117
Cnidaria,GPR119,0
Placozoa,GPR119,0
Mammalia,GPR12,205
Archosauria,GPR12,427
Lepidosauria,GPR12,21
Testudines,GPR12,15
Amphibia,GPR12,13
Dipnomorpha,GPR12,1
Coelacanthiformes,GPR12,1
Actinopterygii,GPR12,171
Chondrichthyes,GPR12,10
Cyclostomata,GPR12,0
Tunicata,GPR12,0
Cephalochordata,GPR12,0
Hemichordata,GPR12,0
Echinodermata,GPR12,0
Annelida,GPR12,0
Mollusca,GPR12,0
Arthropoda,GPR12,0
Cnidaria,GPR12,0
Placozoa,GPR12,0
Cyclostomata,GPR3|GPR12,1
Mammalia,GPR132,263
Archosauria,GPR132,177
Lepidosauria,GPR132,38
Testudines,GPR132,21
Amphibia,GPR132,37
Dipnomorpha,GPR132,1
Coelacanthiformes,GPR132,1
Actinopterygii,GPR132,257
Chondrichthyes,GPR132,21
Cyclostomata,GPR132,0
Tunicata,GPR132,0
Cephalochordata,GPR132,0
Hemichordata,GPR132,0
Echinodermata,GPR132,0
Annelida,GPR132,0
Mollusca,GPR132,0
Arthropoda,GPR132,0
Cnidaria,GPR132,0
Placozoa,GPR132,0
Mammalia,GPR161,239
Archosauria,GPR161,440
Lepidosauria,GPR161,27
Testudines,GPR161,19
Amphibia,GPR161,36
Dipnomorpha,GPR161,0
Coelacanthiformes,GPR161,1
Actinopterygii,GPR161,304
Chondrichthyes,GPR161,19
Cyclostomata,GPR161,4
Tunicata,GPR161,0
Cephalochordata,GPR161,3
Hemichordata,GPR161,3
Echinodermata,GPR161,13
Annelida,GPR161,0
Mollusca,GPR161,27
Arthropoda,GPR161,8
Cnidaria,GPR161,23
Placozoa,GPR161,0
Actinopterygii,P2RY10|GPR174,90
Mammalia,GPR174,200
Archosauria,GPR174,387
Lepidosauria,GPR174,22
Testudines,GPR174,14
Amphibia,GPR174,13
Dipnomorpha,GPR174,1
Coelacanthiformes,GPR174,1
Actinopterygii,GPR174,154
Chondrichthyes,GPR174,11
Cyclostomata,GPR174,0
Tunicata,GPR174,0
Cephalochordata,GPR174,0
Hemichordata,GPR174,0
Echinodermata,GPR174,0
Annelida,GPR174,0
Mollusca,GPR174,0
Arthropoda,GPR174,0
Cnidaria,GPR174,0
Placozoa,GPR174,0
Mammalia,GPR17,270
Archosauria,GPR17,445
Lepidosauria,GPR17,34
Testudines,GPR17,21
Amphibia,GPR17,37
Dipnomorpha,GPR17,1
Coelacanthiformes,GPR17,1
Actinopterygii,GPR17,315
Chondrichthyes,GPR17,21
Cyclostomata,GPR17,0
Tunicata,GPR17,0
Cephalochordata,GPR17,0
Hemichordata,GPR17,0
Echinodermata,GPR17,0
Annelida,GPR17,0
Mollusca,GPR17,0
Arthropoda,GPR17,0
Cnidaria,GPR17,0
Placozoa,GPR17,0
Mammalia,GPR183/LIKE,48
Archosauria,GPR183/LIKE,100
Lepidosauria,GPR183/LIKE,0
Testudines,GPR183/LIKE,13
Amphibia,GPR183/LIKE,5
Dipnomorpha,GPR183/LIKE,0
Coelacanthiformes,GPR183/LIKE,1
Actinopterygii,GPR183/LIKE,62
Chondrichthyes,GPR183/LIKE,9
Cyclostomata,GPR183/LIKE,0
Tunicata,GPR183/LIKE,0
Cephalochordata,GPR183/LIKE,0
Hemichordata,GPR183/LIKE,0
Echinodermata,GPR183/LIKE,0
Annelida,GPR183/LIKE,0
Mollusca,GPR183/LIKE,0
Arthropoda,GPR183/LIKE,0
Cnidaria,GPR183/LIKE,0
Placozoa,GPR183/LIKE,0
Mammalia,GPR183,207
Archosauria,GPR183,381
Lepidosauria,GPR183,19
Testudines,GPR183,14
Amphibia,GPR183,10
Dipnomorpha,GPR183,1
Coelacanthiformes,GPR183,1
Actinopterygii,GPR183,168
Chondrichthyes,GPR183,9
Cyclostomata,GPR183,0
Tunicata,GPR183,0
Cephalochordata,GPR183,0
Hemichordata,GPR183,0
Echinodermata,GPR183,0
Annelida,GPR183,0
Mollusca,GPR183,0
Arthropoda,GPR183,0
Cnidaria,GPR183,0
Placozoa,GPR183,0
Mammalia,GPR18,244
Archosauria,GPR18,416
Lepidosauria,GPR18,30
Testudines,GPR18,17
Amphibia,GPR18,20
Dipnomorpha,GPR18,1
Coelacanthiformes,GPR18,1
Actinopterygii,GPR18,218
Chondrichthyes,GPR18,18
Cyclostomata,GPR18,1
Tunicata,GPR18,0
Cephalochordata,GPR18,0
Hemichordata,GPR18,0
Echinodermata,GPR18,0
Annelida,GPR18,0
Mollusca,GPR18,0
Arthropoda,GPR18,0
Cnidaria,GPR18,0
Placozoa,GPR18,0
Actinopterygii,GPR31/LIKE,81
Mammalia,GPR31,179
Archosauria,GPR31,0
Lepidosauria,GPR31,0
Testudines,GPR31,13
Amphibia,GPR31,0
Dipnomorpha,GPR31,1
Coelacanthiformes,GPR31,0
Actinopterygii,GPR31,0
Chondrichthyes,GPR31,0
Cyclostomata,GPR31,0
Tunicata,GPR31,0
Cephalochordata,GPR31,0
Hemichordata,GPR31,0
Echinodermata,GPR31,0
Annelida,GPR31,0
Mollusca,GPR31,0
Arthropoda,GPR31,0
Cnidaria,GPR31,0
Placozoa,GPR31,0
Mammalia,GPR34/LIKE,1
Archosauria,GPR34/LIKE,6
Lepidosauria,GPR34/LIKE,3
Testudines,GPR34/LIKE,0
Amphibia,GPR34/LIKE,3
Dipnomorpha,GPR34/LIKE,0
Coelacanthiformes,GPR34/LIKE,1
Actinopterygii,GPR34/LIKE,13
Chondrichthyes,GPR34/LIKE,4
Cyclostomata,GPR34/LIKE,0
Tunicata,GPR34/LIKE,0
Cephalochordata,GPR34/LIKE,0
Hemichordata,GPR34/LIKE,0
Echinodermata,GPR34/LIKE,0
Annelida,GPR34/LIKE,0
Mollusca,GPR34/LIKE,0
Arthropoda,GPR34/LIKE,0
Cnidaria,GPR34/LIKE,0
Placozoa,GPR34/LIKE,0
Mammalia,GPR34,199
Archosauria,GPR34,379
Lepidosauria,GPR34,6
Testudines,GPR34,14
Amphibia,GPR34,12
Dipnomorpha,GPR34,1
Coelacanthiformes,GPR34,1
Actinopterygii,GPR34,149
Chondrichthyes,GPR34,2
Cyclostomata,GPR34,0
Tunicata,GPR34,0
Cephalochordata,GPR34,0
Hemichordata,GPR34,0
Echinodermata,GPR34,0
Annelida,GPR34,0
Mollusca,GPR34,0
Arthropoda,GPR34,0
Cnidaria,GPR34,0
Placozoa,GPR34,0
Mammalia,GPR35,92
Archosauria,GPR35,390
Lepidosauria,GPR35,19
Testudines,GPR35,13
Amphibia,GPR35,8
Dipnomorpha,GPR35,1
Coelacanthiformes,GPR35,1
Actinopterygii,GPR35,30
Chondrichthyes,GPR35,4
Cyclostomata,GPR35,0
Tunicata,GPR35,0
Cephalochordata,GPR35,0
Hemichordata,GPR35,0
Echinodermata,GPR35,0
Annelida,GPR35,0
Mollusca,GPR35,0
Arthropoda,GPR35,0
Cnidaria,GPR35,0
Placozoa,GPR35,0
Mammalia,GPR3,245
Archosauria,GPR3,386
Lepidosauria,GPR3,32
Testudines,GPR3,17
Amphibia,GPR3,5
Dipnomorpha,GPR3,1
Coelacanthiformes,GPR3,1
Actinopterygii,GPR3,157
Chondrichthyes,GPR3,18
Cyclostomata,GPR3,0
Tunicata,GPR3,0
Cephalochordata,GPR3,0
Hemichordata,GPR3,0
Echinodermata,GPR3,0
Annelida,GPR3,0
Mollusca,GPR3,0
Arthropoda,GPR3,0
Cnidaria,GPR3,0
Placozoa,GPR3,0
Mammalia,GPR42,1
Archosauria,GPR42,0
Lepidosauria,GPR42,0
Testudines,GPR42,0
Amphibia,GPR42,0
Dipnomorpha,GPR42,0
Coelacanthiformes,GPR42,0
Actinopterygii,GPR42,0
Chondrichthyes,GPR42,0
Cyclostomata,GPR42,0
Tunicata,GPR42,0
Cephalochordata,GPR42,0
Hemichordata,GPR42,0
Echinodermata,GPR42,0
Annelida,GPR42,0
Mollusca,GPR42,0
Arthropoda,GPR42,0
Cnidaria,GPR42,0
Placozoa,GPR42,0
Mammalia,GPR55/LIKE,2
Archosauria,GPR55/LIKE,116
Lepidosauria,GPR55/LIKE,9
Testudines,GPR55/LIKE,8
Amphibia,GPR55/LIKE,2
Dipnomorpha,GPR55/LIKE,0
Coelacanthiformes,GPR55/LIKE,1
Actinopterygii,GPR55/LIKE,49
Chondrichthyes,GPR55/LIKE,10
Cyclostomata,GPR55/LIKE,0
Tunicata,GPR55/LIKE,0
Cephalochordata,GPR55/LIKE,0
Hemichordata,GPR55/LIKE,0
Echinodermata,GPR55/LIKE,0
Annelida,GPR55/LIKE,0
Mollusca,GPR55/LIKE,0
Arthropoda,GPR55/LIKE,0
Cnidaria,GPR55/LIKE,0
Placozoa,GPR55/LIKE,0
Mammalia,GPR55,204
Archosauria,GPR55,383
Lepidosauria,GPR55,0
Testudines,GPR55,13
Amphibia,GPR55,6
Dipnomorpha,GPR55,1
Coelacanthiformes,GPR55,1
Actinopterygii,GPR55,165
Chondrichthyes,GPR55,2
Cyclostomata,GPR55,0
Tunicata,GPR55,0
Cephalochordata,GPR55,0
Hemichordata,GPR55,0
Echinodermata,GPR55,0
Annelida,GPR55,0
Mollusca,GPR55,0
Arthropoda,GPR55,0
Cnidaria,GPR55,0
Placozoa,GPR55,0
Mammalia,GPR6,207
Archosauria,GPR6,371
Lepidosauria,GPR6,22
Testudines,GPR6,14
Amphibia,GPR6,14
Dipnomorpha,GPR6,1
Coelacanthiformes,GPR6,1
Actinopterygii,GPR6,171
Chondrichthyes,GPR6,10
Cyclostomata,GPR6,0
Tunicata,GPR6,0
Cephalochordata,GPR6,0
Hemichordata,GPR6,0
Echinodermata,GPR6,0
Annelida,GPR6,0
Mollusca,GPR6,0
Arthropoda,GPR6,0
Cnidaria,GPR6,0
Placozoa,GPR6,0
Mammalia,GPR82,239
Archosauria,GPR82,305
Lepidosauria,GPR82,0
Testudines,GPR82,15
Amphibia,GPR82,9
Dipnomorpha,GPR82,1
Coelacanthiformes,GPR82,1
Actinopterygii,GPR82,116
Chondrichthyes,GPR82,1
Cyclostomata,GPR82,0
Tunicata,GPR82,0
Cephalochordata,GPR82,0
Hemichordata,GPR82,0
Echinodermata,GPR82,0
Annelida,GPR82,0
Mollusca,GPR82,0
Arthropoda,GPR82,0
Cnidaria,GPR82,0
Placozoa,GPR82,0
Mammalia,GPR84,270
Archosauria,GPR84,3
Lepidosauria,GPR84,37
Testudines,GPR84,22
Amphibia,GPR84,38
Dipnomorpha,GPR84,1
Coelacanthiformes,GPR84,1
Actinopterygii,GPR84,294
Chondrichthyes,GPR84,19
Cyclostomata,GPR84,5
Tunicata,GPR84,0
Cephalochordata,GPR84,0
Hemichordata,GPR84,0
Echinodermata,GPR84,0
Annelida,GPR84,0
Mollusca,GPR84,0
Arthropoda,GPR84,0
Cnidaria,GPR84,0
Placozoa,GPR84,0
Mammalia,GPR87,261
Archosauria,GPR87,435
Lepidosauria,GPR87,32
Testudines,GPR87,21
Amphibia,GPR87,36
Dipnomorpha,GPR87,0
Coelacanthiformes,GPR87,1
Actinopterygii,GPR87,50
Chondrichthyes,GPR87,8
Cyclostomata,GPR87,0
Tunicata,GPR87,0
Cephalochordata,GPR87,0
Hemichordata,GPR87,0
Echinodermata,GPR87,0
Annelida,GPR87,0
Mollusca,GPR87,0
Arthropoda,GPR87,0
Cnidaria,GPR87,0
Placozoa,GPR87,0
Mammalia,LPAR1,237
Archosauria,LPAR1,206
Lepidosauria,LPAR1,28
Testudines,LPAR1,15
Amphibia,LPAR1,21
Dipnomorpha,LPAR1,1
Coelacanthiformes,LPAR1,1
Actinopterygii,LPAR1,212
Chondrichthyes,LPAR1,15
Tunicata,LPAR1,0
Cephalochordata,LPAR1,0
Hemichordata,LPAR1,0
Echinodermata,LPAR1,0
Annelida,LPAR1,0
Mollusca,LPAR1,0
Arthropoda,LPAR1,0
Cnidaria,LPAR1,0
Placozoa,LPAR1,0
Mammalia,LPAR2,183
Archosauria,LPAR2,203
Lepidosauria,LPAR2,20
Testudines,LPAR2,11
Amphibia,LPAR2,11
Dipnomorpha,LPAR2,1
Coelacanthiformes,LPAR2,0
Actinopterygii,LPAR2,178
Chondrichthyes,LPAR2,6
Cyclostomata,LPAR2,0
Tunicata,LPAR2,0
Cephalochordata,LPAR2,0
Hemichordata,LPAR2,0
Echinodermata,LPAR2,0
Annelida,LPAR2,0
Mollusca,LPAR2,0
Arthropoda,LPAR2,0
Cnidaria,LPAR2,0
Placozoa,LPAR2,0
Mammalia,LPAR3,240
Archosauria,LPAR3,424
Lepidosauria,LPAR3,31
Testudines,LPAR3,15
Amphibia,LPAR3,23
Dipnomorpha,LPAR3,1
Coelacanthiformes,LPAR3,1
Actinopterygii,LPAR3,226
Chondrichthyes,LPAR3,15
Cyclostomata,LPAR3,0
Tunicata,LPAR3,0
Cephalochordata,LPAR3,0
Hemichordata,LPAR3,0
Echinodermata,LPAR3,0
Annelida,LPAR3,0
Mollusca,LPAR3,0
Arthropoda,LPAR3,0
Cnidaria,LPAR3,0
Placozoa,LPAR3,0
Cyclostomata,LPAR1|LPAR3,2
Mammalia,LPAR4,224
Archosauria,LPAR4,391
Lepidosauria,LPAR4,21
Testudines,LPAR4,14
Amphibia,LPAR4,14
Dipnomorpha,LPAR4,1
Coelacanthiformes,LPAR4,1
Actinopterygii,LPAR4,158
Chondrichthyes,LPAR4,8
Cyclostomata,LPAR4,0
Tunicata,LPAR4,0
Cephalochordata,LPAR4,0
Hemichordata,LPAR4,0
Echinodermata,LPAR4,0
Annelida,LPAR4,0
Mollusca,LPAR4,0
Arthropoda,LPAR4,0
Cnidaria,LPAR4,0
Placozoa,LPAR4,0
Mammalia,LPAR5,207
Archosauria,LPAR5,393
Lepidosauria,LPAR5,22
Testudines,LPAR5,14
Amphibia,LPAR5,12
Dipnomorpha,LPAR5,1
Coelacanthiformes,LPAR5,1
Actinopterygii,LPAR5,0
Chondrichthyes,LPAR5,5
Cyclostomata,LPAR5,0
Tunicata,LPAR5,0
Cephalochordata,LPAR5,0
Hemichordata,LPAR5,0
Echinodermata,LPAR5,0
Annelida,LPAR5,0
Mollusca,LPAR5,0
Arthropoda,LPAR5,0
Cnidaria,LPAR5,0
Placozoa,LPAR5,0
Mammalia,LPAR6,202
Archosauria,LPAR6,388
Lepidosauria,LPAR6,17
Testudines,LPAR6,12
Amphibia,LPAR6,12
Dipnomorpha,LPAR6,1
Coelacanthiformes,LPAR6,1
Actinopterygii,LPAR6,177
Chondrichthyes,LPAR6,8
Cyclostomata,LPAR6,0
Tunicata,LPAR6,0
Cephalochordata,LPAR6,0
Hemichordata,LPAR6,0
Echinodermata,LPAR6,0
Annelida,LPAR6,0
Mollusca,LPAR6,0
Arthropoda,LPAR6,0
Cnidaria,LPAR6,0
Placozoa,LPAR6,0
Lepidosauria,LPAR4|LPAR5,11
Testudines,LPAR4|LPAR5,9
Amphibia,LPAR4|LPAR5,1
Coelacanthiformes,LPAR4|LPAR5,1
Actinopterygii,LPAR4|LPAR5,142
Chondrichthyes,LPAR4|LPAR5,7
Cyclostomata,LPAR4|LPAR5,1
Archosauria,LTB4R1|LTB4R2,101
Lepidosauria,LTB4R1|LTB4R2,11
Actinopterygii,LTB4R1|LTB4R2,140
Chondrichthyes,LTB4R1|LTB4R2,3
Mammalia,LTB4R1,192
Archosauria,LTB4R1,9
Lepidosauria,LTB4R1,21
Testudines,LTB4R1,13
Amphibia,LTB4R1,14
Dipnomorpha,LTB4R1,0
Coelacanthiformes,LTB4R1,1
Actinopterygii,LTB4R1,109
Chondrichthyes,LTB4R1,0
Cyclostomata,LTB4R1,0
Tunicata,LTB4R1,0
Cephalochordata,LTB4R1,0
Hemichordata,LTB4R1,0
Echinodermata,LTB4R1,0
Annelida,LTB4R1,0
Mollusca,LTB4R1,0
Arthropoda,LTB4R1,0
Cnidaria,LTB4R1,0
Placozoa,LTB4R1,0
Mammalia,LTB4R2,189
Archosauria,LTB4R2,6
Lepidosauria,LTB4R2,16
Testudines,LTB4R2,12
Amphibia,LTB4R2,14
Dipnomorpha,LTB4R2,0
Coelacanthiformes,LTB4R2,1
Actinopterygii,LTB4R2,153
Chondrichthyes,LTB4R2,0
Cyclostomata,LTB4R2,0
Tunicata,LTB4R2,0
Cephalochordata,LTB4R2,0
Hemichordata,LTB4R2,0
Echinodermata,LTB4R2,0
Annelida,LTB4R2,0
Mollusca,LTB4R2,0
Arthropoda,LTB4R2,0
Cnidaria,LTB4R2,0
Placozoa,LTB4R2,0
Mammalia,OXER1,142
Archosauria,OXER1,0
Lepidosauria,OXER1,0
Testudines,OXER1,5
Amphibia,OXER1,0
Dipnomorpha,OXER1,0
Coelacanthiformes,OXER1,1
Actinopterygii,OXER1,16
Chondrichthyes,OXER1,0
Cyclostomata,OXER1,0
Tunicata,OXER1,0
Cephalochordata,OXER1,0
Hemichordata,OXER1,0
Echinodermata,OXER1,0
Annelida,OXER1,0
Mollusca,OXER1,0
Arthropoda,OXER1,0
Cnidaria,OXER1,0
Placozoa,OXER1,0
Mammalia,OXGR1,266
Archosauria,OXGR1,345
Lepidosauria,OXGR1,23
Testudines,OXGR1,19
Amphibia,OXGR1,31
Dipnomorpha,OXGR1,1
Coelacanthiformes,OXGR1,0
Actinopterygii,OXGR1,229
Chondrichthyes,OXGR1,0
Cyclostomata,OXGR1,0
Tunicata,OXGR1,0
Cephalochordata,OXGR1,0
Hemichordata,OXGR1,0
Echinodermata,OXGR1,0
Annelida,OXGR1,0
Mollusca,OXGR1,0
Arthropoda,OXGR1,0
Cnidaria,OXGR1,0
Placozoa,OXGR1,0
Mammalia,P2RY10,202
Archosauria,P2RY10,272
Lepidosauria,P2RY10,24
Testudines,P2RY10,15
Amphibia,P2RY10,14
Dipnomorpha,P2RY10,1
Coelacanthiformes,P2RY10,1
Actinopterygii,P2RY10,139
Chondrichthyes,P2RY10,9
Cyclostomata,P2RY10,0
Tunicata,P2RY10,0
Cephalochordata,P2RY10,0
Hemichordata,P2RY10,0
Echinodermata,P2RY10,0
Annelida,P2RY10,0
Mollusca,P2RY10,0
Arthropoda,P2RY10,0
Cnidaria,P2RY10,0
Placozoa,P2RY10,0
Mammalia,PTAFR/LIKE,69
Archosauria,PTAFR/LIKE,137
Lepidosauria,PTAFR/LIKE,30
Testudines,PTAFR/LIKE,12
Amphibia,PTAFR/LIKE,3
Dipnomorpha,PTAFR/LIKE,1
Coelacanthiformes,PTAFR/LIKE,1
Actinopterygii,PTAFR/LIKE,6
Chondrichthyes,PTAFR/LIKE,20
Cyclostomata,PTAFR/LIKE,0
Tunicata,PTAFR/LIKE,0
Cephalochordata,PTAFR/LIKE,0
Hemichordata,PTAFR/LIKE,0
Echinodermata,PTAFR/LIKE,0
Annelida,PTAFR/LIKE,0
Mollusca,PTAFR/LIKE,0
Arthropoda,PTAFR/LIKE,0
Cnidaria,PTAFR/LIKE,0
Placozoa,PTAFR/LIKE,0
Mammalia,PTAFR,215
Archosauria,PTAFR,397
Lepidosauria,PTAFR,20
Testudines,PTAFR,12
Amphibia,PTAFR,12
Dipnomorpha,PTAFR,1
Coelacanthiformes,PTAFR,1
Actinopterygii,PTAFR,166
Chondrichthyes,PTAFR,6
Cyclostomata,PTAFR,0
Tunicata,PTAFR,0
Cephalochordata,PTAFR,0
Hemichordata,PTAFR,0
Echinodermata,PTAFR,0
Annelida,PTAFR,0
Mollusca,PTAFR,0
Arthropoda,PTAFR,0
Cnidaria,PTAFR,0
Placozoa,PTAFR,0
Mammalia,PTGDR2,189
Archosauria,PTGDR2,0
Lepidosauria,PTGDR2,0
Testudines,PTGDR2,0
Amphibia,PTGDR2,3
Dipnomorpha,PTGDR2,1
Coelacanthiformes,PTGDR2,1
Actinopterygii,PTGDR2,159
Chondrichthyes,PTGDR2,0
Cyclostomata,PTGDR2,0
Tunicata,PTGDR2,0
Cephalochordata,PTGDR2,0
Hemichordata,PTGDR2,0
Echinodermata,PTGDR2,0
Annelida,PTGDR2,0
Mollusca,PTGDR2,0
Arthropoda,PTGDR2,0
Cnidaria,PTGDR2,0
Placozoa,PTGDR2,0
Mammalia,PTGDR,188
Archosauria,PTGDR,112
Lepidosauria,PTGDR,16
Testudines,PTGDR,13
Amphibia,PTGDR,11
Dipnomorpha,PTGDR,1
Coelacanthiformes,PTGDR,1
Actinopterygii,PTGDR,10
Chondrichthyes,PTGDR,9
Cyclostomata,PTGDR,0
Tunicata,PTGDR,0
Cephalochordata,PTGDR,0
Hemichordata,PTGDR,0
Echinodermata,PTGDR,0
Annelida,PTGDR,0
Mollusca,PTGDR,0
Arthropoda,PTGDR,0
Cnidaria,PTGDR,0
Placozoa,PTGDR,0
Cyclostomata,PTGDR|PTGIR,1
Mammalia,PTGER1,221
Archosauria,PTGER1,2
Lepidosauria,PTGER1,32
Testudines,PTGER1,15
Amphibia,PTGER1,22
Dipnomorpha,PTGER1,1
Coelacanthiformes,PTGER1,1
Actinopterygii,PTGER1,227
Chondrichthyes,PTGER1,15
Cyclostomata,PTGER1,0
Tunicata,PTGER1,0
Cephalochordata,PTGER1,0
Hemichordata,PTGER1,0
Echinodermata,PTGER1,0
Annelida,PTGER1,0
Mollusca,PTGER1,0
Arthropoda,PTGER1,0
Cnidaria,PTGER1,0
Placozoa,PTGER1,0
Mammalia,PTGER2,190
Archosauria,PTGER2,93
Lepidosauria,PTGER2,14
Testudines,PTGER2,11
Amphibia,PTGER2,11
Dipnomorpha,PTGER2,1
Coelacanthiformes,PTGER2,1
Actinopterygii,PTGER2,149
Chondrichthyes,PTGER2,10
Cyclostomata,PTGER2,0
Tunicata,PTGER2,0
Cephalochordata,PTGER2,0
Hemichordata,PTGER2,0
Echinodermata,PTGER2,0
Annelida,PTGER2,0
Mollusca,PTGER2,0
Arthropoda,PTGER2,0
Cnidaria,PTGER2,0
Placozoa,PTGER2,0
Mammalia,PTGER3,228
Archosauria,PTGER3,291
Lepidosauria,PTGER3,27
Testudines,PTGER3,17
Amphibia,PTGER3,21
Dipnomorpha,PTGER3,1
Coelacanthiformes,PTGER3,1
Actinopterygii,PTGER3,220
Chondrichthyes,PTGER3,19
Cyclostomata,PTGER3,1
Tunicata,PTGER3,0
Cephalochordata,PTGER3,0
Hemichordata,PTGER3,0
Echinodermata,PTGER3,0
Annelida,PTGER3,0
Mollusca,PTGER3,0
Arthropoda,PTGER3,0
Cnidaria,PTGER3,0
Placozoa,PTGER3,0
Mammalia,PTGER4,239
Archosauria,PTGER4,391
Lepidosauria,PTGER4,32
Testudines,PTGER4,16
Amphibia,PTGER4,21
Dipnomorpha,PTGER4,1
Coelacanthiformes,PTGER4,1
Actinopterygii,PTGER4,223
Chondrichthyes,PTGER4,18
Cyclostomata,PTGER4,3
Tunicata,PTGER4,0
Cephalochordata,PTGER4,0
Hemichordata,PTGER4,0
Echinodermata,PTGER4,0
Annelida,PTGER4,0
Mollusca,PTGER4,0
Arthropoda,PTGER4,0
Cnidaria,PTGER4,0
Placozoa,PTGER4,0
Mammalia,PTGFR,214
Archosauria,PTGFR,367
Lepidosauria,PTGFR,26
Testudines,PTGFR,14
Amphibia,PTGFR,11
Dipnomorpha,PTGFR,1
Coelacanthiformes,PTGFR,1
Actinopterygii,PTGFR,161
Chondrichthyes,PTGFR,10
Cyclostomata,PTGFR,0
Tunicata,PTGFR,0
Cephalochordata,PTGFR,0
Hemichordata,PTGFR,0
Echinodermata,PTGFR,0
Annelida,PTGFR,0
Mollusca,PTGFR,0
Arthropoda,PTGFR,0
Cnidaria,PTGFR,0
Placozoa,PTGFR,0
Mammalia,PTGIR,199
Archosauria,PTGIR,1
Lepidosauria,PTGIR,17
Testudines,PTGIR,13
Amphibia,PTGIR,8
Dipnomorpha,PTGIR,0
Coelacanthiformes,PTGIR,0
Actinopterygii,PTGIR,168
Chondrichthyes,PTGIR,6
Cyclostomata,PTGIR,0
Tunicata,PTGIR,0
Cephalochordata,PTGIR,0
Hemichordata,PTGIR,0
Echinodermata,PTGIR,0
Annelida,PTGIR,0
Mollusca,PTGIR,0
Arthropoda,PTGIR,0
Cnidaria,PTGIR,0
Placozoa,PTGIR,0
Mammalia,S1PR1,247
Archosauria,S1PR1,384
Lepidosauria,S1PR1,30
Testudines,S1PR1,17
Amphibia,S1PR1,20
Dipnomorpha,S1PR1,1
Coelacanthiformes,S1PR1,1
Actinopterygii,S1PR1,215
Chondrichthyes,S1PR1,17
Cyclostomata,S1PR1,0
Tunicata,S1PR1,0
Cephalochordata,S1PR1,0
Hemichordata,S1PR1,0
Echinodermata,S1PR1,0
Annelida,S1PR1,0
Mollusca,S1PR1,0
Arthropoda,S1PR1,0
Cnidaria,S1PR1,0
Placozoa,S1PR1,0
Mammalia,S1PR2,245
Archosauria,S1PR2,175
Lepidosauria,S1PR2,31
Testudines,S1PR2,16
Amphibia,S1PR2,21
Dipnomorpha,S1PR2,1
Coelacanthiformes,S1PR2,1
Actinopterygii,S1PR2,233
Chondrichthyes,S1PR2,18
Cyclostomata,S1PR2,0
Tunicata,S1PR2,0
Cephalochordata,S1PR2,0
Hemichordata,S1PR2,0
Echinodermata,S1PR2,0
Annelida,S1PR2,0
Mollusca,S1PR2,0
Arthropoda,S1PR2,0
Cnidaria,S1PR2,0
Placozoa,S1PR2,0
Mammalia,S1PR3,244
Archosauria,S1PR3,419
Lepidosauria,S1PR3,32
Testudines,S1PR3,16
Amphibia,S1PR3,22
Dipnomorpha,S1PR3,1
Coelacanthiformes,S1PR3,1
Actinopterygii,S1PR3,236
Chondrichthyes,S1PR3,19
Cyclostomata,S1PR3,0
Tunicata,S1PR3,0
Cephalochordata,S1PR3,0
Hemichordata,S1PR3,0
Echinodermata,S1PR3,0
Annelida,S1PR3,0
Mollusca,S1PR3,0
Arthropoda,S1PR3,0
Cnidaria,S1PR3,0
Placozoa,S1PR3,0
Mammalia,S1PR4,230
Archosauria,S1PR4,417
Lepidosauria,S1PR4,32
Testudines,S1PR4,16
Amphibia,S1PR4,23
Dipnomorpha,S1PR4,1
Coelacanthiformes,S1PR4,1
Actinopterygii,S1PR4,231
Chondrichthyes,S1PR4,19
Cyclostomata,S1PR4,0
Tunicata,S1PR4,0
Cephalochordata,S1PR4,0
Hemichordata,S1PR4,0
Echinodermata,S1PR4,0
Annelida,S1PR4,0
Mollusca,S1PR4,0
Arthropoda,S1PR4,0
Cnidaria,S1PR4,0
Placozoa,S1PR4,0
Mammalia,S1PR5,235
Archosauria,S1PR5,18
Lepidosauria,S1PR5,20
Testudines,S1PR5,14
Amphibia,S1PR5,21
Dipnomorpha,S1PR5,1
Coelacanthiformes,S1PR5,1
Actinopterygii,S1PR5,226
Chondrichthyes,S1PR5,17
Cyclostomata,S1PR5,0
Tunicata,S1PR5,0
Cephalochordata,S1PR5,0
Hemichordata,S1PR5,0
Echinodermata,S1PR5,0
Annelida,S1PR5,0
Mollusca,S1PR5,0
Arthropoda,S1PR5,0
Cnidaria,S1PR5,0
Placozoa,S1PR5,0
Cyclostomata,S1PR1|S1PR5,1
Mammalia,TBXA2R,226
Archosauria,TBXA2R,373
Lepidosauria,TBXA2R,29
Testudines,TBXA2R,14
Amphibia,TBXA2R,19
Dipnomorpha,TBXA2R,1
Coelacanthiformes,TBXA2R,1
Actinopterygii,TBXA2R,231
Chondrichthyes,TBXA2R,18
Cyclostomata,TBXA2R,1
Tunicata,TBXA2R,0
Cephalochordata,TBXA2R,0
Hemichordata,TBXA2R,0
Echinodermata,TBXA2R,0
Annelida,TBXA2R,0
Mollusca,TBXA2R,0
Arthropoda,TBXA2R,0
Cnidaria,TBXA2R,0
Placozoa,TBXA2R,0
